ZINSKURVE;1Y;2Y;3Y;4Y;5Y;6Y;7Y;8Y;10Y;12Y;15Y;20Y;25Y;30Y
2002-01;0.03662;0.04123;0.04415;0.04613;0.04777;0.0491;0.05025;0.05123;0.05239;0.0533;0.05429;0.055;0.05474;0.05417
2002-02;0.0366;0.041;0.04352;0.04602;0.04775;0.04922;0.05047;0.05146;0.05291;0.0537;0.0549;0.0562;0.05618;0.0555
2002-03;0.04027;0.04524;0.04811;0.05002;0.05146;0.05263;0.05363;0.05447;0.0557;0.05665;0.05758;0.0585;0.05856;0.05784
2002-04;0.03831;0.04292;0.04583;0.04798;0.04969;0.05114;0.05225;0.05319;0.05449;0.05557;0.05682;0.0578;0.0578;0.05698
2002-05;0.04041;0.04456;0.04697;0.04893;0.05046;0.05171;0.05274;0.05358;0.05484;0.05578;0.05685;0.0579;0.05794;0.05735
2002-06;0.03792;0.04152;0.04414;0.04619;0.04774;0.04916;0.05036;0.05137;0.05286;0.05385;0.05482;0.0553;0.05501;0.05423
2002-07;0.03518;0.03813;0.04107;0.04346;0.04535;0.04698;0.04831;0.0494;0.05103;0.05217;0.05333;0.0543;0.05395;0.05314
2002-08;0.03427;0.03644;0.0389;0.04112;0.04291;0.04468;0.04606;0.04725;0.049;0.05018;0.05138;0.0526;0.05257;0.05168
2002-09;0.0306;0.03235;0.03492;0.03719;0.03919;0.04107;0.04287;0.04428;0.04644;0.04799;0.04977;0.0514;0.05163;0.05095
2002-10;0.03085;0.03273;0.0356;0.03826;0.04049;0.04261;0.04453;0.04602;0.04829;0.04976;0.05161;0.0532;0.05353;0.05274
2002-11;0.03005;0.03282;0.03569;0.03837;0.04056;0.04254;0.04423;0.04568;0.04796;0.04964;0.05131;0.0528;0.05316;0.05253
2002-12;0.02722;0.02892;0.03167;0.03441;0.03689;0.03905;0.04084;0.04259;0.04524;0.04684;0.04869;0.0509;0.05118;0.05061
2003-01;0.02643;0.02785;0.0304;0.03296;0.03544;0.03761;0.03958;0.04124;0.04379;0.04564;0.0475;0.0491;0.04959;0.04906
2003-02;0.02364;0.02485;0.02729;0.03002;0.03244;0.03486;0.0371;0.03908;0.04216;0.04442;0.04692;0.0491;0.05009;0.04955
2003-03;0.02409;0.02601;0.02918;0.03197;0.03442;0.03679;0.0388;0.04059;0.04335;0.04559;0.04797;0.0505;0.05127;0.05109
2003-04;0.0239;0.02579;0.02893;0.03202;0.03448;0.03675;0.03882;0.04065;0.04353;0.04566;0.04817;0.0507;0.05187;0.0516
2003-05;0.02143;0.02269;0.02508;0.02792;0.03044;0.0327;0.03483;0.0367;0.0397;0.04194;0.04468;0.0475;0.04889;0.04918
2003-06;0.02045;0.02267;0.02561;0.02845;0.03115;0.03355;0.03562;0.03756;0.04053;0.04286;0.04578;0.049;0.05043;0.05094
2003-07;0.02225;0.02663;0.02883;0.03357;0.03616;0.03846;0.0402;0.04178;0.0444;0.04649;0.04897;0.0519;0.05323;0.05371
2003-08;0.02345;0.02778;0.03138;0.03441;0.03669;0.03863;0.04031;0.04182;0.04406;0.04581;0.04806;0.0505;0.05162;0.05192
2003-09;0.02131;0.02451;0.02803;0.03116;0.03373;0.03602;0.03809;0.03976;0.04258;0.04468;0.04742;0.0502;0.05168;0.05204
2003-10;0.02413;0.02864;0.03242;0.03542;0.03785;0.03985;0.04161;0.04308;0.0453;0.04708;0.04918;0.0517;0.05289;0.0528
2003-11;0.0252;0.03026;0.03414;0.03713;0.03951;0.04144;0.04309;0.0445;0.04667;0.04834;0.05031;0.0525;0.05342;0.05365
2003-12;0.02325;0.02746;0.03153;0.03476;0.03727;0.03941;0.04124;0.04282;0.04519;0.04696;0.0491;0.0514;0.05244;0.05271
2004-01;0.02296;0.02716;0.03081;0.034;0.03659;0.03882;0.04077;0.04241;0.04497;0.0469;0.04937;0.0518;0.05292;0.05288
2004-02;0.02095;0.02419;0.02776;0.03104;0.03382;0.03621;0.03837;0.04021;0.04307;0.04521;0.04773;0.0505;0.05178;0.05214
2004-03;0.01987;0.02293;0.02638;0.02959;0.03235;0.03482;0.03696;0.03893;0.04191;0.04419;0.04683;0.0498;0.051;0.05133
2004-04;0.02246;0.0264;0.0299;0.03307;0.03571;0.03799;0.03995;0.04168;0.04436;0.04627;0.04856;0.051;0.05216;0.05234
2004-05;0.02381;0.02835;0.03212;0.03538;0.03795;0.04013;0.04199;0.0436;0.04613;0.04798;0.05016;0.0525;0.05359;0.05388
2004-06;0.02424;0.02879;0.03251;0.03544;0.0378;0.03982;0.04158;0.04307;0.04539;0.04712;0.04905;0.0511;0.05205;0.05218
2004-07;0.02392;0.0281;0.0316;0.03446;0.03679;0.03878;0.04057;0.04201;0.04439;0.04606;0.04806;0.0502;0.05113;0.05133
2004-08;0.02295;0.0262;0.02949;0.03209;0.0344;0.03649;0.03834;0.03988;0.04236;0.04419;0.04631;0.0486;0.04964;0.04988
2004-09;0.02396;0.02707;0.02986;0.03224;0.0344;0.03633;0.03806;0.03962;0.04197;0.04371;0.04576;0.0481;0.04908;0.04935
2004-10;0.02326;0.02575;0.02873;0.03075;0.03295;0.03494;0.03673;0.03829;0.04073;0.04256;0.04475;0.0472;0.04827;0.04863
2004-11;0.02308;0.02516;0.02754;0.02974;0.03179;0.03366;0.03536;0.03687;0.03929;0.04105;0.04313;0.0455;0.04661;0.04695
2004-12;0.02371;0.02615;0.0283;0.03006;0.03169;0.03326;0.03476;0.03608;0.03818;0.03975;0.04174;0.0441;0.04513;0.04549
2005-01;0.02315;0.02547;0.02752;0.02912;0.03067;0.03211;0.03347;0.03472;0.03672;0.0382;0.03988;0.0418;0.04259;0.0428
2005-02;0.02366;0.02658;0.02897;0.03083;0.03253;0.03403;0.03543;0.03669;0.03871;0.04017;0.04172;0.0434;0.0441;0.04433
2005-03;0.02366;0.02631;0.0284;0.03002;0.03157;0.03303;0.03442;0.03568;0.03772;0.03925;0.04095;0.0426;0.04341;0.04365
2005-04;0.02215;0.02396;0.02593;0.0277;0.02932;0.0309;0.0324;0.03375;0.03599;0.03764;0.0395;0.0414;0.04237;0.04267
2005-05;0.02161;0.02286;0.02462;0.02629;0.02791;0.02943;0.03086;0.03219;0.03436;0.03602;0.03789;0.0398;0.04072;0.04097
2005-06;0.02081;0.02158;0.02321;0.02451;0.02602;0.02755;0.02899;0.03031;0.03252;0.03423;0.03615;0.0381;0.03896;0.03923
2005-07;0.02238;0.024;0.02556;0.02662;0.02802;0.02935;0.03065;0.03187;0.03394;0.03555;0.03731;0.0392;0.03998;0.04021
2005-08;0.02216;0.02338;0.0247;0.0257;0.0269;0.0281;0.0293;0.03044;0.03239;0.03394;0.03566;0.0374;0.03817;0.03837
2005-09;0.02351;0.02525;0.02646;0.0274;0.02839;0.02935;0.0303;0.03124;0.03295;0.03436;0.03596;0.0376;0.03839;0.03859
2005-10;0.02587;0.02795;0.02918;0.03024;0.03126;0.03216;0.03303;0.03389;0.03542;0.03665;0.03806;0.0395;0.04015;0.04029
2005-11;0.028;0.02948;0.03047;0.03131;0.03215;0.03293;0.03369;0.03444;0.03581;0.03699;0.03837;0.0397;0.04033;0.04041
2005-12;0.02867;0.03025;0.03106;0.03149;0.03197;0.03248;0.03301;0.03352;0.03454;0.03552;0.0367;0.0379;0.03827;0.03827
2006-01;0.02936;0.03143;0.03247;0.03321;0.03387;0.03445;0.03501;0.03557;0.03665;0.0376;0.03873;0.0398;0.04025;0.04022
2006-02;0.0302;0.03206;0.03307;0.03377;0.03432;0.03486;0.03537;0.03586;0.03681;0.03765;0.0387;0.0397;0.04016;0.04014
2006-03;0.03282;0.03524;0.03601;0.0371;0.0377;0.03822;0.03871;0.03919;0.04009;0.04086;0.0418;0.0427;0.04309;0.04305
2006-04;0.03331;0.03597;0.03733;0.03822;0.039;0.03969;0.04031;0.04088;0.04189;0.04272;0.04367;0.0447;0.04498;0.04491
2006-05;0.03383;0.03601;0.03729;0.03821;0.03899;0.0397;0.04037;0.04101;0.0422;0.04322;0.04442;0.0457;0.04612;0.04613
2006-06;0.03555;0.03785;0.03917;0.03976;0.04044;0.04105;0.0416;0.04213;0.04312;0.04397;0.04499;0.046;0.04635;0.04626
2006-07;0.03572;0.03711;0.03794;0.03859;0.03919;0.03977;0.04033;0.04088;0.04188;0.04275;0.04383;0.0449;0.0453;0.04526
2006-08;0.03665;0.03714;0.03734;0.03759;0.03791;0.03834;0.03878;0.03922;0.04014;0.04093;0.0419;0.0429;0.04322;0.04316
2006-09;0.03769;0.03793;0.03795;0.03802;0.03818;0.03842;0.03869;0.03901;0.03966;0.0403;0.04103;0.0417;0.04184;0.04164
2006-10;0.03879;0.03879;0.03861;0.03851;0.03854;0.03868;0.03884;0.03908;0.03957;0.04;0.0405;0.0409;0.04093;0.04065
2006-11;0.03888;0.03859;0.03836;0.03827;0.03827;0.03836;0.03849;0.03865;0.03909;0.03957;0.04017;0.0407;0.04071;0.04039
2006-12;0.04073;0.04128;0.04123;0.04115;0.04113;0.04119;0.04132;0.04147;0.04188;0.04228;0.0428;0.0433;0.04314;0.04274
2007-01;0.04131;0.04187;0.04198;0.04208;0.04218;0.04236;0.04257;0.0428;0.0433;0.04378;0.04436;0.0449;0.04478;0.04441
2007-02;0.04113;0.04089;0.04077;0.04074;0.04082;0.04094;0.04112;0.04136;0.04186;0.04235;0.04292;0.0434;0.04341;0.04308
2007-03;0.04232;0.0422;0.04208;0.04203;0.04206;0.04215;0.04228;0.04249;0.04303;0.04358;0.04429;0.0449;0.04496;0.04466
2007-04;0.04332;0.04322;0.04309;0.04305;0.0431;0.04316;0.0433;0.04347;0.04394;0.04444;0.04507;0.0456;0.04554;0.0452
2007-05;0.04528;0.04613;0.0462;0.04615;0.04616;0.04618;0.04624;0.04634;0.04671;0.0471;0.04763;0.048;0.04783;0.04741
2007-06;0.04588;0.047;0.04735;0.04756;0.04774;0.04788;0.04803;0.04821;0.04866;0.04914;0.04973;0.0501;0.04994;0.04954
2007-07;0.04567;0.046;0.04617;0.04624;0.04634;0.04645;0.0466;0.04677;0.0472;0.04766;0.04817;0.0485;0.0482;0.04776
2007-08;0.04697;0.04543;0.0452;0.04518;0.04524;0.04537;0.04556;0.04582;0.04648;0.04715;0.04796;0.0486;0.04846;0.04811
2007-09;0.04677;0.04528;0.0451;0.04516;0.04535;0.04564;0.04601;0.04637;0.04716;0.04791;0.04875;0.0494;0.0493;0.04895
2007-10;0.04646;0.04563;0.04536;0.04529;0.04534;0.04548;0.04569;0.04596;0.04664;0.04731;0.04812;0.0487;0.04858;0.04817
2007-11;0.04636;0.04418;0.04383;0.04389;0.04411;0.04445;0.04486;0.04529;0.04629;0.0472;0.04834;0.0493;0.04941;0.04909
2007-12;0.04707;0.04537;0.0451;0.0452;0.04541;0.04568;0.04601;0.04641;0.04731;0.04811;0.04901;0.0496;0.04951;0.04897
2008-01;0.04176;0.03942;0.03941;0.03983;0.04046;0.04117;0.0419;0.04264;0.04406;0.04524;0.04661;0.0478;0.04799;0.04767
2008-02;0.04125;0.03779;0.03793;0.03846;0.0392;0.04007;0.04102;0.04192;0.04356;0.04485;0.04623;0.0474;0.04746;0.04696
2008-03;0.04537;0.04221;0.04149;0.0413;0.04144;0.0418;0.04231;0.04289;0.04425;0.04552;0.04684;0.0477;0.04754;0.0469
2008-04;0.04823;0.04527;0.04418;0.04374;0.04365;0.04385;0.04428;0.0448;0.04603;0.0472;0.04847;0.0493;0.04898;0.04827
2008-05;0.05105;0.04979;0.04857;0.04766;0.04717;0.04703;0.04715;0.04748;0.04832;0.04921;0.05019;0.0508;0.05044;0.04977
2008-06;0.05356;0.05346;0.05274;0.05188;0.05111;0.05056;0.05024;0.0501;0.05023;0.05059;0.05093;0.0507;0.04967;0.04858
2008-07;0.05156;0.04957;0.04895;0.0486;0.04827;0.04806;0.04795;0.048;0.04833;0.04882;0.04932;0.0492;0.04823;0.04724
2008-08;0.05099;0.04841;0.04737;0.04687;0.04651;0.04628;0.04616;0.04617;0.04655;0.04705;0.04761;0.0476;0.04682;0.04596
2008-09;0.04973;0.04619;0.04608;0.04634;0.0465;0.04651;0.04651;0.04648;0.04669;0.04709;0.04738;0.0467;0.04533;0.04413
2008-10;0.04012;0.03699;0.03813;0.03935;0.0404;0.0415;0.0426;0.04364;0.04543;0.04658;0.04713;0.0457;0.04324;0.04135
2008-11;0.03289;0.03135;0.03238;0.03359;0.03471;0.03589;0.03701;0.03805;0.04002;0.04139;0.04215;0.0405;0.03702;0.03441
2008-12;0.02659;0.02731;0.02945;0.0311;0.03229;0.03356;0.03473;0.03587;0.03777;0.03897;0.03955;0.0388;0.03595;0.03396
2009-01;0.02069;0.0224;0.02543;0.02807;0.03016;0.03216;0.03392;0.03543;0.03804;0.03989;0.04127;0.0407;0.03806;0.03579
2009-02;0.01875;0.02053;0.02364;0.02607;0.02802;0.02981;0.03142;0.03279;0.03527;0.03727;0.03932;0.0396;0.03658;0.03378
2009-03;0.01599;0.01784;0.02124;0.02435;0.0268;0.02877;0.03053;0.03218;0.03442;0.03656;0.03919;0.04;0.0382;0.03615
2009-04;0.01559;0.01782;0.02139;0.0245;0.0271;0.02932;0.03115;0.03267;0.03508;0.03697;0.03905;0.0401;0.03888;0.03739
2009-05;0.01419;0.01703;0.02147;0.02546;0.02863;0.03134;0.03344;0.03534;0.03809;0.03998;0.04214;0.043;0.04161;0.03987
2009-06;0.01356;0.01786;0.02247;0.02603;0.02876;0.03107;0.03297;0.03448;0.03696;0.03908;0.0414;0.043;0.04211;0.04077
2009-07;0.01189;0.01701;0.02176;0.02521;0.02788;0.03013;0.03199;0.03353;0.03597;0.03817;0.04071;0.0422;0.04131;0.04001
2009-08;0.01203;0.01736;0.02181;0.02509;0.02764;0.02975;0.0315;0.03291;0.03523;0.03724;0.03957;0.0411;0.04036;0.03915
2009-09;0.01169;0.01683;0.02116;0.02448;0.02718;0.02943;0.03135;0.0329;0.03536;0.03748;0.03983;0.0416;0.04119;0.03995
2009-10;0.01235;0.01766;0.022;0.02536;0.02785;0.03006;0.03185;0.03332;0.03581;0.03777;0.0401;0.0417;0.04101;0.03972
2009-11;0.01251;0.01726;0.02132;0.02434;0.02697;0.02921;0.03114;0.03269;0.03521;0.03724;0.03969;0.0409;0.03981;0.03824
2009-12;0.01303;0.01891;0.0224;0.02558;0.02829;0.0306;0.0326;0.03436;0.0368;0.03901;0.04117;0.0422;0.04119;0.03962
2010-01;0.01182;0.01638;0.02026;0.02339;0.02608;0.02846;0.03054;0.03226;0.03497;0.03707;0.03916;0.0406;0.03994;0.03859
2010-02;0.0108;0.01436;0.01809;0.02161;0.02458;0.0272;0.02944;0.03133;0.03417;0.03642;0.03877;0.0397;0.03896;0.0372
2010-03;0.01071;0.01431;0.01772;0.0212;0.02409;0.02664;0.0289;0.03077;0.03373;0.03597;0.03828;0.0396;0.03867;0.03734
2010-04;0.0111;0.01399;0.0172;0.02042;0.0233;0.02582;0.02795;0.02961;0.03265;0.03483;0.03702;0.038;0.03719;0.03556
2010-05;0.01102;0.01318;0.01597;0.01864;0.02131;0.02369;0.02568;0.02737;0.03006;0.03215;0.03412;0.0347;0.0336;0.03182
2010-06;0.0116;0.01356;0.01582;0.01831;0.02096;0.02334;0.02538;0.02702;0.02979;0.03159;0.03397;0.035;0.03401;0.03241
2010-07;0.01194;0.01409;0.01637;0.01906;0.02151;0.02378;0.02567;0.02737;0.03021;0.03242;0.03451;0.036;0.03523;0.03381
2010-08;0.01129;0.01218;0.01359;0.01532;0.01712;0.0188;0.02028;0.02156;0.02367;0.02518;0.02666;0.0276;0.02699;0.02555
2010-09;0.01267;0.01474;0.01635;0.01792;0.01965;0.02137;0.02284;0.02411;0.0262;0.02783;0.02958;0.0305;0.02991;0.02809
2010-10;0.01394;0.01588;0.01764;0.01976;0.02168;0.02327;0.02482;0.02634;0.0285;0.03025;0.0319;0.0323;0.03112;0.02922
2010-11;0.01354;0.0154;0.01774;0.02046;0.02307;0.0253;0.02718;0.02876;0.03123;0.03311;0.03502;0.0352;0.03359;0.03128
2010-12;0.01296;0.01524;0.01864;0.02186;0.02582;0.0271;0.02991;0.03162;0.03427;0.03581;0.03768;0.0382;0.03663;0.03458
2011-01;0.01555;0.02001;0.02352;0.02629;0.02863;0.0305;0.03201;0.03327;0.0352;0.03699;0.03892;0.0394;0.03844;0.03638
2011-02;0.01657;0.0207;0.02369;0.02634;0.02845;0.03022;0.0317;0.03294;0.03494;0.03671;0.03843;0.0392;0.03813;0.03635
2011-03;0.0187;0.02337;0.02674;0.02916;0.03111;0.03271;0.03405;0.03517;0.03706;0.03873;0.04042;0.0414;0.04034;0.03854
2011-04;0.0195;0.0232;0.02635;0.02851;0.03051;0.03191;0.03319;0.03415;0.03595;0.03772;0.03954;0.0404;0.03925;0.03775
2011-05;0.01901;0.02136;0.02373;0.02595;0.0278;0.02959;0.03084;0.03222;0.0341;0.03604;0.03778;0.0389;0.03789;0.03634
2011-06;0.01958;0.02173;0.02393;0.02625;0.02822;0.03007;0.03149;0.03275;0.03489;0.03682;0.03897;0.0402;0.03976;0.03896
2011-07;0.01849;0.01904;0.02048;0.02281;0.02492;0.02684;0.0285;0.02987;0.03215;0.03407;0.03609;0.0367;0.03555;0.03441
2011-08;0.01617;0.01572;0.01737;0.01963;0.02193;0.02397;0.02565;0.02703;0.02931;0.03132;0.03345;0.0342;0.03318;0.03207
2011-09;0.01584;0.01487;0.01565;0.0176;0.01959;0.02138;0.02275;0.02388;0.02567;0.02723;0.02871;0.0289;0.02802;0.02711
2011-10;0.01607;0.01517;0.01603;0.01796;0.0198;0.02165;0.02312;0.0243;0.02619;0.0279;0.02964;0.0299;0.02917;0.02825
2011-11;0.01487;0.0143;0.01564;0.01808;0.02042;0.02251;0.02421;0.02558;0.02775;0.02951;0.0311;0.0308;0.02966;0.02822
2011-12;0.01407;0.01304;0.01356;0.01525;0.01719;0.01911;0.02077;0.02209;0.02417;0.02593;0.02727;0.0274;0.02639;0.02538
2012-01;0.01239;0.01118;0.01163;0.01328;0.01528;0.01734;0.01908;0.02054;0.02285;0.02467;0.02616;0.0265;0.02568;0.02471
2012-02;0.01139;0.01086;0.01194;0.01359;0.01554;0.0175;0.01906;0.02054;0.02292;0.02473;0.02644;0.0267;0.02598;0.02507
2012-03;0.01021;0.01066;0.01183;0.01391;0.01586;0.01765;0.0194;0.02092;0.02331;0.02518;0.02711;0.0271;0.02643;0.02531
2012-04;0.00919;0.00913;0.01021;0.01215;0.01419;0.01624;0.01803;0.01963;0.02224;0.02425;0.02617;0.0266;0.02591;0.02494
2012-05;0.00867;0.00855;0.009;0.01024;0.01162;0.01301;0.01421;0.01524;0.017;0.01836;0.01958;0.0195;0.01913;0.01851
2012-06;0.00849;0.0084;0.00933;0.01106;0.0129;0.01479;0.0164;0.01778;0.02009;0.0219;0.02347;0.0234;0.02322;0.02294
2012-07;0.00585;0.00589;0.00666;0.00827;0.01019;0.01217;0.01391;0.01552;0.01807;0.0201;0.02207;0.0224;0.02252;0.02256
2012-08;0.00489;0.00487;0.00573;0.00733;0.00927;0.01133;0.01315;0.01476;0.0174;0.01951;0.02141;0.0222;0.02231;0.02232
2012-09;0.00404;0.00442;0.00552;0.00732;0.00934;0.01141;0.01332;0.01501;0.01783;0.02012;0.02243;0.0235;0.02382;0.02383
2012-10;0.00396;0.00463;0.00582;0.00748;0.00946;0.01154;0.01345;0.01517;0.01801;0.02033;0.02269;0.0239;0.02406;0.024
2012-11;0.00348;0.00396;0.00501;0.00653;0.00842;0.01049;0.01237;0.01408;0.017;0.01938;0.02182;0.0233;0.0236;0.02362
2012-12;0.00321;0.0036;0.0046;0.00596;0.0075;0.00937;0.01119;0.01291;0.01586;0.01827;0.02078;0.0224;0.02287;0.02301
2013-01;0.00506;0.00689;0.00846;0.01008;0.01183;0.01369;0.01529;0.01683;0.01945;0.02148;0.02347;0.0248;0.0251;0.02493
2013-02;0.0033;0.00445;0.00553;0.00731;0.00912;0.01125;0.0129;0.01465;0.0177;0.02012;0.02265;0.0243;0.02463;0.02472
2013-03;0.00405;0.00492;0.00603;0.00735;0.00919;0.01095;0.01264;0.01426;0.01692;0.01939;0.02182;0.0235;0.02395;0.02405
2013-04;0.00322;0.00387;0.00475;0.00581;0.00737;0.00911;0.01061;0.01215;0.01494;0.01725;0.01966;0.0216;0.02195;0.02233
2013-05;0.00332;0.00435;0.00585;0.00768;0.0096;0.01122;0.01322;0.01488;0.01789;0.02021;0.02275;0.0245;0.02484;0.02499
2013-06;0.00419;0.00605;0.00792;0.01018;0.01238;0.0144;0.01619;0.0178;0.02062;0.02277;0.02481;0.0259;0.02596;0.02576
2013-07;0.00394;0.00516;0.00713;0.0092;0.0115;0.01371;0.01541;0.01707;0.02001;0.02228;0.0245;0.0262;0.02563;0.02594
2013-08;0.00421;0.0062;0.00852;0.01115;0.01364;0.01597;0.01776;0.01946;0.02241;0.02471;0.02698;0.0281;0.0281;0.0277
2013-09;0.00395;0.00551;0.00753;0.00972;0.01214;0.01445;0.01629;0.01805;0.02106;0.02338;0.02567;0.0271;0.02699;0.0269
2013-10;0.00366;0.00479;0.00644;0.00863;0.01093;0.01324;0.01513;0.01696;0.02013;0.02259;0.02512;0.0267;0.0271;0.02698
2013-11;0.00333;0.00421;0.00586;0.0081;0.01061;0.01292;0.01503;0.01697;0.02028;0.02288;0.02542;0.027;0.02726;0.02674
2013-12;0.00383;0.00531;0.00753;0.01007;0.01258;0.01503;0.01711;0.01897;0.02219;0.02464;0.02704;0.0284;0.02854;0.02823
2014-01;0.00358;0.00419;0.00588;0.008;0.0099;0.01225;0.01417;0.01603;0.0192;0.02174;0.02419;0.0259;0.02609;0.02598
2014-02;0.00373;0.00462;0.00591;0.00813;0.01025;0.01229;0.01421;0.01599;0.01907;0.02151;0.024;0.0257;0.02604;0.02593
2014-03;0.00411;0.00462;0.00616;0.00797;0.00958;0.01167;0.01339;0.01511;0.01814;0.02071;0.02323;0.025;0.02546;0.02525
2014-04;0.00397;0.00433;0.00571;0.00742;0.00906;0.01104;0.0127;0.01439;0.01736;0.01983;0.02229;0.0241;0.02458;0.0244
2014-05;0.00352;0.00368;0.00455;0.00597;0.00765;0.00944;0.01123;0.01293;0.01595;0.01839;0.02097;0.023;0.02354;0.02354
2014-06;0.00285;0.00307;0.00382;0.00483;0.00653;0.00823;0.01002;0.01173;0.01476;0.01713;0.01971;0.0219;0.02262;0.02278
2014-07;0.00293;0.00331;0.00388;0.00496;0.00641;0.00801;0.00946;0.01111;0.01396;0.01634;0.01874;0.0206;0.02124;0.02151
2014-08;0.00246;0.00264;0.00308;0.00378;0.00499;0.0061;0.00735;0.00866;0.01106;0.01296;0.01494;0.01685;0.01789;0.01831
2014-09;0.00174;0.00191;0.00246;0.00331;0.00447;0.00583;0.00732;0.00883;0.01162;0.01389;0.0164;0.01876;0.01971;0.02002
2014-10;0.00178;0.00213;0.00249;0.00343;0.00423;0.00555;0.00674;0.00813;0.01086;0.01292;0.01523;0.01751;0.01839;0.01878
2014-11;0.00166;0.00192;0.00258;0.00324;0.00381;0.00481;0.00573;0.00685;0.00908;0.01113;0.01328;0.01528;0.01642;0.01679
2014-12;0.00159;0.00172;0.00221;0.00284;0.00355;0.00438;0.00527;0.00626;0.0082;0.0099;0.01168;0.01356;0.01455;0.01517
2015-01;0.00126;0.00138;0.00191;0.00248;0.00281;0.00369;0.00433;0.00511;0.00663;0.00798;0.00927;0.01078;0.01163;0.01193
2015-02;0.00093;0.00093;0.00133;0.00193;0.00254;0.00335;0.00422;0.0051;0.00676;0.00811;0.00962;0.01117;0.0121;0.01245
2015-03;0.00078;0.00079;0.00114;0.00174;0.00241;0.00311;0.00376;0.00436;0.0056;0.00643;0.00711;0.0079;0.00805;0.00805
2015-04;0.00065;0.0009;0.00156;0.00233;0.00273;0.00367;0.00438;0.00514;0.00646;0.00751;0.00856;0.00958;0.00994;0.01024
2015-05;0.00067;0.00099;0.00167;0.00255;0.00327;0.00458;0.00571;0.00678;0.00861;0.01008;0.01151;0.01268;0.01296;0.01302
2015-06;0.00075;0.00119;0.00215;0.00342;0.00493;0.00645;0.00796;0.00933;0.01169;0.0135;0.01516;0.01695;0.01723;0.01735
2015-07;0.00039;0.00079;0.00171;0.00275;0.00397;0.00525;0.00645;0.0077;0.00987;0.01174;0.0135;0.01496;0.01522;0.01513
2015-08;0.00043;0.00096;0.0018;0.00301;0.00449;0.00593;0.00729;0.00864;0.01124;0.01309;0.01495;0.01643;0.01672;0.0163
2015-09;0.00021;0.0004;0.00123;0.00227;0.00343;0.00477;0.00602;0.00733;0.00964;0.01168;0.01368;0.01536;0.01567;0.01551
2015-10;-0.00044;-0.00032;0.0002;0.00125;0.00269;0.00404;0.0053;0.00665;0.00904;0.0111;0.01314;0.01493;0.01536;0.01536
2015-11;-0.00116;-0.00133;-0.00064;0.00041;0.0017;0.00311;0.00443;0.00588;0.00846;0.01075;0.01301;0.01504;0.01549;0.01536
2015-12;-0.0006;-0.00032;0.00056;0.00177;0.00312;0.00479;0.00623;0.00764;0.01019;0.01219;0.01426;0.01609;0.01659;0.01663
2016-01;-0.00159;-0.00176;-0.00121;-0.00034;0.00075;0.00198;0.00315;0.00448;0.00675;0.00871;0.01064;0.01233;0.01279;0.01293
2016-02;-0.00195;-0.0022;-0.00185;-0.00118;-0.00035;0.00067;0.00168;0.00284;0.00499;0.00675;0.00849;0.0098;0.01013;0.01004
2016-03;-0.00151;-0.00152;-0.00118;-0.00055;0.00027;0.00126;0.00236;0.00352;0.00564;0.00718;0.00919;0.01026;0.01078;0.01067
2016-04;-0.0016;-0.00139;-0.00086;-0.00012;0.00058;0.00173;0.00296;0.00424;0.00668;0.00849;0.01049;0.01219;0.01258;0.01257
2016-05;-0.00176;-0.00168;-0.00129;-0.00073;-0.00011;0.00085;0.00195;0.00313;0.00538;0.00722;0.00924;0.01088;0.01128;0.01132
2016-06;-0.00209;-0.00216;-0.00202;-0.00164;-0.0008;-8e-05;0.00095;0.00199;0.00418;0.00563;0.00738;0.00852;0.00872;0.00874
2016-07;-0.00204;-0.0022;-0.00237;-0.002;-0.00153;-0.00086;-2e-05;0.00091;0.00274;0.0043;0.00597;0.00718;0.00738;0.00726
2016-08;-0.00204;-0.0021;-0.00201;-0.00175;-0.00133;-0.00069;0.00011;0.00096;0.00276;0.00434;0.00594;0.00724;0.00755;0.00752
2016-09;-0.00222;-0.00232;-0.00225;-0.00192;-0.00142;-0.00073;0.00012;0.00107;0.00289;0.00459;0.00634;0.00738;0.00802;0.00802
2016-10;-0.00209;-0.00156;-0.00133;-0.00063;-4e-05;0.00086;0.00187;0.00295;0.00513;0.00664;0.0084;0.00976;0.01009;0.0101
2016-11;-0.00213;-0.00168;-0.00106;-0.00023;0.00072;0.00193;0.00324;0.00457;0.00698;0.00865;0.01055;0.01206;0.01246;0.01257
2016-12;-0.00217;-0.00163;-0.00119;-0.00025;0.0006;0.00177;0.00302;0.00437;0.00676;0.00849;0.01048;0.01204;0.01244;0.01257
2017-01;-0.00221;-0.00154;-0.00067;0.0006;0.00175;0.0031;0.00446;0.0059;0.0083;0.01023;0.01232;0.01405;0.01461;0.01479
2017-02;-0.00229;-0.00169;-0.00115;-0.0002;0.00067;0.00182;0.00314;0.00437;0.00686;0.00871;0.01084;0.01265;0.01333;0.01344
2017-03;-0.00221;-0.00139;-0.00052;0.00073;0.0017;0.00291;0.00414;0.00537;0.00778;0.00956;0.01164;0.01339;0.01401;0.01423
2017-04;-0.00244;-0.0014;-0.00055;0.00073;0.00182;0.00309;0.00435;0.00567;0.00806;0.00987;0.01195;0.01371;0.01431;0.0145
2017-05;-0.00252;-0.00166;-0.00083;0.0004;0.0015;0.00278;0.00422;0.0054;0.00796;0.00998;0.0122;0.01412;0.0148;0.01504
2017-06;-0.00249;-0.00126;2e-05;0.00138;0.00272;0.00409;0.00543;0.00672;0.00925;0.01111;0.01322;0.01504;0.01568;0.0159
2017-07;-0.0025;-0.00156;-0.00022;0.00126;0.00273;0.00422;0.00566;0.00706;0.0097;0.01165;0.01387;0.01578;0.01644;0.01667
2017-08;-0.00276;-0.002;-0.00087;0.00032;0.00145;0.00278;0.0041;0.00543;0.00801;0.01011;0.01233;0.01427;0.01498;0.01506
2017-09;-0.00257;-0.00168;-0.00041;0.00101;0.00238;0.00384;0.00526;0.00672;0.00926;0.01124;0.01351;0.01549;0.01622;0.01651
2017-10;-0.00268;-0.002;-0.00093;0.00043;0.00185;0.00325;0.00462;0.00596;0.00848;0.01049;0.01278;0.01482;0.01559;0.01593
2017-11;-0.0027;-0.0017;-0.00052;0.00089;0.00221;0.00356;0.00486;0.00612;0.00843;0.01035;0.01251;0.01447;0.01523;0.01554
2017-12;-0.0026;-0.00154;0.00013;0.00173;0.003;0.00429;0.00552;0.00668;0.00903;0.01065;0.01271;0.01454;0.01516;0.01533
2018-01;-0.00265;-0.00126;0.00081;0.00287;0.00472;0.00627;0.0076;0.00884;0.01086;0.01243;0.01414;0.01556;0.01592;0.01589
2018-02;-0.00254;-0.00122;0.00079;0.0028;0.00443;0.00605;0.0075;0.00878;0.01108;0.01265;0.01449;0.01605;0.01641;0.01637
2018-03;-0.00276;-0.00159;-1e-05;0.00181;0.00351;0.00513;0.00648;0.00772;0.00979;0.01138;0.01332;0.01482;0.0152;0.01502
2018-04;-0.0026;-0.00146;0.00015;0.002;0.00374;0.00539;0.00676;0.00785;0.01011;0.01178;0.01353;0.0151;0.01554;0.01546
2018-05;-0.00248;-0.00136;-0.00011;0.00153;0.00304;0.00448;0.00583;0.00707;0.00905;0.01099;0.01294;0.01461;0.0151;0.01493
2018-06;-0.00255;-0.00178;-0.00056;0.00113;0.00262;0.00406;0.00542;0.00669;0.0087;0.01079;0.01279;0.01419;0.01504;0.01508
2018-07;-0.00255;-0.00146;-7e-05;0.00158;0.00334;0.00475;0.0061;0.0074;0.00957;0.01129;0.01322;0.01496;0.01557;0.01547
2018-08;-0.00261;-0.00151;-0.00024;0.00116;0.00265;0.00403;0.00535;0.0066;0.00886;0.01063;0.01263;0.01444;0.01499;0.01516
2018-09;-0.00244;-0.00109;0.00048;0.00217;0.00372;0.00536;0.00668;0.00789;0.00988;0.0117;0.01344;0.0151;0.01556;0.01583
2018-10;-0.00242;-0.00124;0.00023;0.00185;0.00338;0.00483;0.00617;0.00742;0.00975;0.01137;0.01328;0.01493;0.01537;0.01552
2018-11;-0.00243;-0.00155;-0.00038;0.00111;0.00272;0.00401;0.00534;0.00659;0.00895;0.01076;0.01275;0.0145;0.01497;0.01503
2018-12;-0.00245;-0.00178;-0.00093;0.00038;0.00179;0.00325;0.00458;0.00586;0.00831;0.00993;0.01186;0.01355;0.01403;0.01414
2019-01;-0.00226;-0.00172;-0.00107;-7e-05;0.0012;0.00233;0.00335;0.00448;0.00672;0.00847;0.01022;0.01215;0.01265;0.01266
2019-02;-0.00226;-0.0014;-0.00066;0.00042;0.00167;0.00278;0.0039;0.00503;0.0071;0.0089;0.01092;0.01272;0.01326;0.01336
2019-03;-0.00232;-0.002;-0.00159;-0.00088;-8e-05;0.00086;0.0018;0.00277;0.00477;0.00633;0.00834;0.01004;0.01078;0.01097
2019-04;-0.00246;-0.00196;-0.00151;-0.00073;0.00019;0.00124;0.00222;0.00322;0.0052;0.00678;0.0086;0.01042;0.01105;0.0113
2019-05;-0.00293;-0.00279;-0.00255;-0.00192;-0.001;-0.00021;0.00065;0.00145;0.00339;0.0049;0.00678;0.00859;0.00921;0.00939
2019-06;-0.00364;-0.00386;-0.00375;-0.00318;-0.00241;-0.00171;-0.00088;8e-05;0.00177;0.00316;0.00492;0.00661;0.00723;0.00739
2019-07;-0.00423;-0.00451;-0.00433;-0.00399;-0.00347;-0.00283;-0.00214;-0.00141;6e-05;0.00139;0.00301;0.00467;0.00523;0.00535
2019-08;-0.00501;-0.00559;-0.00572;-0.00561;-0.00534;-0.00494;-0.00444;-0.0039;-0.00278;-0.00184;-0.00069;0.00043;0.00087;0.00092
2019-09;-0.0043;-0.00459;-0.00479;-0.0044;-0.00409;-0.00372;-0.00325;-0.0028;-0.00157;-0.00054;0.00072;0.00189;0.00224;0.0022
2019-10;-0.00376;-0.0037;-0.00364;-0.00314;-0.00273;-0.00221;-0.00165;-0.00105;0.00022;0.00119;0.0026;0.00391;0.0043;0.0043
2019-11;-0.00349;-0.00342;-0.00308;-0.00278;-0.00232;-0.00182;-0.00127;-0.00067;0.00051;0.00162;0.00296;0.00427;0.00463;0.00457
2019-12;-0.00326;-0.00295;-0.00235;-0.0018;-0.00114;-0.00051;0.00014;0.0008;0.0021;0.00328;0.00473;0.00611;0.00639;0.00629
2020-01;-0.00368;-0.00374;-0.00359;-0.00333;-0.00302;-0.00263;-0.00217;-0.00166;-0.00058;0.00045;0.00174;0.00306;0.00343;0.00326
2020-02;-0.00423;-0.00437;-0.00427;-0.00407;-0.00375;-0.00345;-0.00311;-0.00271;-0.00184;-0.00103;4e-05;0.00116;0.00141;0.00116
2020-03;-0.00325;-0.0033;-0.00322;-0.00288;-0.00248;-0.00206;-0.00163;-0.0012;-0.00033;0.00051;0.00151;0.0021;0.00186;0.00153
2020-04;-0.00281;-0.00349;-0.00363;-0.00357;-0.00341;-0.00313;-0.00276;-0.0024;-0.00165;-0.00094;-0.00014;0.0003;-6e-05;-0.00071
2020-05;-0.00246;-0.00302;-0.00317;-0.00311;-0.00291;-0.00267;-0.00237;-0.00204;-0.00143;-0.00066;0.00019;0.00083;0.00068;0.00016
2020-06;-0.00359;-0.00397;-0.00395;-0.00382;-0.00355;-0.00326;-0.00293;-0.00255;-0.0019;-0.00096;-2e-05;0.0007;0.00063;0.00018
2020-07;-0.00422;-0.00434;-0.00433;-0.00421;-0.00402;-0.00376;-0.00344;-0.0031;-0.00245;-0.00164;-0.00071;-8e-05;-0.00024;-0.0007
2020-08;-0.00445;-0.00437;-0.00421;-0.00401;-0.00367;-0.00333;-0.00291;-0.0025;-0.00153;-0.00063;0.0004;0.00122;0.00126;0.00102
2020-09;-0.00489;-0.0049;-0.00481;-0.0046;-0.0043;-0.00402;-0.00364;-0.00322;-0.00234;-0.00152;-0.00052;0.00022;0.00015;-0.00015
2020-10;-0.00538;-0.00548;-0.00544;-0.00526;-0.00497;-0.00467;-0.00425;-0.00378;-0.0029;-0.00204;-0.00104;-0.00028;-0.00035;-0.00065
2020-11;-0.0052;-0.00521;-0.00511;-0.00491;-0.00461;-0.00428;-0.0039;-0.00347;-0.00257;-0.00169;-0.00067;0.00014;0.00018;-0.0001
2020-12;-0.0053;-0.00526;-0.00513;-0.0049;-0.00465;-0.00433;-0.00396;-0.00356;-0.00274;-0.00188;-0.00084;-3e-05;-4e-05;-0.00034
