[{"id":1,"type":"bond","sub_portfolio":"bonds","notional":100000,"currency":"EUR","maturity":"30.11.2023","tenor":1,"fixed_rate":0.01,"calendar":"TARGET","dcc":"Act/360","bdc":"following","float_dcc":"Act/Act","float_bdc":"unadjusted","effective_date":"30.03.2016","interest_capitalization":"true","linear_amortization":"false"},{"id":2,"type":"bond","sub_portfolio":"bonds","notional":100000,"currency":"EUR","maturity":"30.11.2024","tenor":6,"fixed_rate":0.01,"calendar":"TARGET","dcc":"Act/Act","bdc":"unadjusted","float_dcc":"Act/360","float_bdc":"following","effective_date":"30.05.2015","interest_capitalization":"false","linear_amortization":"true"},{"id":3,"type":"bond","sub_portfolio":"bonds","notional":100000,"currency":"EUR","maturity":"30.11.2025","tenor":12,"fixed_rate":0.01,"calendar":"TARGET","dcc":"30/360","bdc":"preceding","float_dcc":"Act/365","float_bdc":"modified","effective_date":"30.07.2015","interest_capitalization":"true","linear_amortization":"false"},{"id":4,"type":"bond","sub_portfolio":"bonds","notional":100000,"currency":"EUR","maturity":"30.11.2026","tenor":1,"fixed_rate":0.01,"calendar":"TARGET","dcc":"Act/360","bdc":"following","float_dcc":"Act/Act","float_bdc":"unadjusted","effective_date":"30.03.2016","interest_capitalization":"true","linear_amortization":"false"},{"id":5,"type":"bond","sub_portfolio":"bonds","notional":100000,"currency":"EUR","maturity":"30.11.2027","tenor":6,"fixed_rate":0.01,"calendar":"TARGET","dcc":"Act/Act","bdc":"unadjusted","float_dcc":"Act/360","float_bdc":"following","effective_date":"30.05.2015","interest_capitalization":"false","linear_amortization":"true"},{"id":6,"type":"bond","sub_portfolio":"bonds","notional":100000,"currency":"EUR","maturity":"30.11.2028","tenor":12,"fixed_rate":0.01,"calendar":"TARGET","dcc":"30/360","bdc":"preceding","float_dcc":"Act/365","float_bdc":"modified","effective_date":"30.07.2015","interest_capitalization":"true","linear_amortization":"false"},{"id":7,"type":"bond","sub_portfolio":"bonds","notional":100000,"currency":"EUR","maturity":"30.11.2029","tenor":1,"fixed_rate":0.01,"calendar":"TARGET","dcc":"Act/360","bdc":"following","float_dcc":"Act/Act","float_bdc":"unadjusted","effective_date":"30.03.2016","interest_capitalization":"true","linear_amortization":"false"},{"id":8,"type":"bond","sub_portfolio":"bonds","notional":100000,"currency":"EUR","maturity":"30.11.2030","tenor":6,"fixed_rate":0.01,"calendar":"TARGET","dcc":"Act/Act","bdc":"unadjusted","float_dcc":"Act/360","float_bdc":"following","effective_date":"30.05.2015","interest_capitalization":"false","linear_amortization":"true"},{"id":9,"type":"bond","sub_portfolio":"bonds","notional":100000,"currency":"EUR","maturity":"30.11.2031","tenor":12,"fixed_rate":0.01,"calendar":"TARGET","dcc":"30/360","bdc":"preceding","float_dcc":"Act/365","float_bdc":"modified","effective_date":"30.07.2015","interest_capitalization":"true","linear_amortization":"false"},{"id":10,"type":"bond","sub_portfolio":"bonds","notional":100000,"currency":"EUR","maturity":"30.11.2032","tenor":1,"fixed_rate":0.01,"calendar":"TARGET","dcc":"Act/360","bdc":"following","float_dcc":"Act/Act","float_bdc":"unadjusted","effective_date":"30.03.2016","interest_capitalization":"true","linear_amortization":"false"},{"id":11,"type":"bond","sub_portfolio":"bonds","notional":100000,"currency":"EUR","maturity":"30.11.2033","tenor":6,"fixed_rate":0.01,"calendar":"TARGET","dcc":"Act/Act","bdc":"unadjusted","float_dcc":"Act/360","float_bdc":"following","effective_date":"30.05.2015","interest_capitalization":"false","linear_amortization":"true"},{"id":12,"type":"bond","sub_portfolio":"bonds","notional":100000,"currency":"EUR","maturity":"30.11.2034","tenor":12,"fixed_rate":0.01,"calendar":"TARGET","dcc":"30/360","bdc":"preceding","float_dcc":"Act/365","float_bdc":"modified","effective_date":"30.07.2015","interest_capitalization":"true","linear_amortization":"false"},{"id":13,"type":"bond","sub_portfolio":"bonds","notional":100000,"currency":"EUR","maturity":"30.11.2035","tenor":1,"fixed_rate":0.01,"calendar":"TARGET","dcc":"Act/360","bdc":"following","float_dcc":"Act/Act","float_bdc":"unadjusted","effective_date":"30.03.2016","interest_capitalization":"true","linear_amortization":"false"},{"id":14,"type":"bond","sub_portfolio":"bonds","notional":100000,"currency":"EUR","maturity":"30.11.2036","tenor":6,"fixed_rate":0.01,"calendar":"TARGET","dcc":"Act/Act","bdc":"unadjusted","float_dcc":"Act/360","float_bdc":"following","effective_date":"30.05.2015","interest_capitalization":"false","linear_amortization":"true"},{"id":15,"type":"bond","sub_portfolio":"bonds","notional":100000,"currency":"EUR","maturity":"30.11.2037","tenor":12,"fixed_rate":0.01,"calendar":"TARGET","dcc":"30/360","bdc":"preceding","float_dcc":"Act/365","float_bdc":"modified","effective_date":"30.07.2015","interest_capitalization":"true","linear_amortization":"false"},{"id":16,"type":"bond","sub_portfolio":"bonds","notional":100000,"currency":"EUR","maturity":"30.11.2038","tenor":1,"fixed_rate":0.01,"calendar":"TARGET","dcc":"Act/360","bdc":"following","float_dcc":"Act/Act","float_bdc":"unadjusted","effective_date":"30.03.2016","interest_capitalization":"true","linear_amortization":"false"},{"id":17,"type":"bond","sub_portfolio":"bonds","notional":100000,"currency":"EUR","maturity":"30.11.2039","tenor":6,"fixed_rate":0.01,"calendar":"TARGET","dcc":"Act/Act","bdc":"unadjusted","float_dcc":"Act/360","float_bdc":"following","effective_date":"30.05.2015","interest_capitalization":"false","linear_amortization":"true"},{"id":18,"type":"bond","sub_portfolio":"bonds","notional":100000,"currency":"EUR","maturity":"30.11.2040","tenor":12,"fixed_rate":0.01,"calendar":"TARGET","dcc":"30/360","bdc":"preceding","float_dcc":"Act/365","float_bdc":"modified","effective_date":"30.07.2015","interest_capitalization":"true","linear_amortization":"false"},{"id":19,"type":"bond","sub_portfolio":"bonds","notional":100000,"currency":"EUR","maturity":"30.11.2041","tenor":1,"fixed_rate":0.01,"calendar":"TARGET","dcc":"Act/360","bdc":"following","float_dcc":"Act/Act","float_bdc":"unadjusted","effective_date":"30.03.2016","interest_capitalization":"true","linear_amortization":"false"},{"id":20,"type":"bond","sub_portfolio":"bonds","notional":100000,"currency":"EUR","maturity":"30.11.2042","tenor":6,"fixed_rate":0.01,"calendar":"TARGET","dcc":"Act/Act","bdc":"unadjusted","float_dcc":"Act/360","float_bdc":"following","effective_date":"30.05.2015","interest_capitalization":"false","linear_amortization":"true"},{"id":21,"type":"bond","sub_portfolio":"bonds","notional":100000,"currency":"EUR","maturity":"30.11.2043","tenor":12,"fixed_rate":0.01,"calendar":"TARGET","dcc":"30/360","bdc":"preceding","float_dcc":"Act/365","float_bdc":"modified","effective_date":"30.07.2015","interest_capitalization":"true","linear_amortization":"false"},{"id":22,"type":"bond","sub_portfolio":"bonds","notional":100000,"currency":"EUR","maturity":"30.11.2044","tenor":1,"fixed_rate":0.01,"calendar":"TARGET","dcc":"Act/360","bdc":"following","float_dcc":"Act/Act","float_bdc":"unadjusted","effective_date":"30.03.2016","interest_capitalization":"true","linear_amortization":"false"},{"id":23,"type":"bond","sub_portfolio":"bonds","notional":100000,"currency":"EUR","maturity":"30.11.2045","tenor":6,"fixed_rate":0.01,"calendar":"TARGET","dcc":"Act/Act","bdc":"unadjusted","float_dcc":"Act/360","float_bdc":"following","effective_date":"30.05.2015","interest_capitalization":"false","linear_amortization":"true"},{"id":24,"type":"bond","sub_portfolio":"bonds","notional":100000,"currency":"EUR","maturity":"30.11.2046","tenor":12,"fixed_rate":0.01,"calendar":"TARGET","dcc":"30/360","bdc":"preceding","float_dcc":"Act/365","float_bdc":"modified","effective_date":"30.07.2015","interest_capitalization":"true","linear_amortization":"false"},{"id":25,"type":"bond","sub_portfolio":"bonds","notional":100000,"currency":"EUR","maturity":"30.11.2047","tenor":1,"fixed_rate":0.01,"calendar":"TARGET","dcc":"Act/360","bdc":"following","float_dcc":"Act/Act","float_bdc":"unadjusted","effective_date":"30.03.2016","interest_capitalization":"true","linear_amortization":"false"},{"id":26,"type":"bond","sub_portfolio":"bonds","notional":100000,"currency":"EUR","maturity":"30.11.2048","tenor":6,"fixed_rate":0.01,"calendar":"TARGET","dcc":"Act/Act","bdc":"unadjusted","float_dcc":"Act/360","float_bdc":"following","effective_date":"30.05.2015","interest_capitalization":"false","linear_amortization":"true"},{"id":27,"type":"bond","sub_portfolio":"bonds","notional":100000,"currency":"EUR","maturity":"30.11.2049","tenor":12,"fixed_rate":0.01,"calendar":"TARGET","dcc":"30/360","bdc":"preceding","float_dcc":"Act/365","float_bdc":"modified","effective_date":"30.07.2015","interest_capitalization":"true","linear_amortization":"false"},{"id":28,"type":"bond","sub_portfolio":"bonds","notional":100000,"currency":"EUR","maturity":"30.11.2050","tenor":1,"fixed_rate":0.01,"calendar":"TARGET","dcc":"Act/360","bdc":"following","float_dcc":"Act/Act","float_bdc":"unadjusted","effective_date":"30.03.2016","interest_capitalization":"true","linear_amortization":"false"},{"id":29,"type":"bond","sub_portfolio":"bonds","notional":100000,"currency":"EUR","maturity":"30.11.2051","tenor":6,"fixed_rate":0.01,"calendar":"TARGET","dcc":"Act/Act","bdc":"unadjusted","float_dcc":"Act/360","float_bdc":"following","effective_date":"30.05.2015","interest_capitalization":"false","linear_amortization":"true"},{"id":30,"type":"bond","sub_portfolio":"bonds","notional":100000,"currency":"EUR","maturity":"30.11.2052","tenor":12,"fixed_rate":0.01,"calendar":"TARGET","dcc":"30/360","bdc":"preceding","float_dcc":"Act/365","float_bdc":"modified","effective_date":"30.07.2015","interest_capitalization":"true","linear_amortization":"false"},{"id":31,"type":"bond","sub_portfolio":"bonds","notional":100000,"currency":"EUR","maturity":"30.11.2053","tenor":1,"fixed_rate":0.01,"calendar":"TARGET","dcc":"Act/360","bdc":"following","float_dcc":"Act/Act","float_bdc":"unadjusted","effective_date":"30.03.2016","interest_capitalization":"true","linear_amortization":"false"},{"id":32,"type":"bond","sub_portfolio":"bonds","notional":100000,"currency":"EUR","maturity":"30.11.2054","tenor":6,"fixed_rate":0.01,"calendar":"TARGET","dcc":"Act/Act","bdc":"unadjusted","float_dcc":"Act/360","float_bdc":"following","effective_date":"30.05.2015","interest_capitalization":"false","linear_amortization":"true"},{"id":33,"type":"bond","sub_portfolio":"bonds","notional":100000,"currency":"EUR","maturity":"30.11.2055","tenor":12,"fixed_rate":0.01,"calendar":"TARGET","dcc":"30/360","bdc":"preceding","float_dcc":"Act/365","float_bdc":"modified","effective_date":"30.07.2015","interest_capitalization":"true","linear_amortization":"false"},{"id":34,"type":"bond","sub_portfolio":"bonds","notional":100000,"currency":"EUR","maturity":"30.11.2056","tenor":1,"fixed_rate":0.01,"calendar":"TARGET","dcc":"Act/360","bdc":"following","float_dcc":"Act/360","float_bdc":"unadjusted","effective_date":"30.03.2016","interest_capitalization":"true","linear_amortization":"false"},{"id":35,"type":"bond","sub_portfolio":"bonds","notional":100000,"currency":"EUR","maturity":"30.11.2057","tenor":6,"fixed_rate":0.01,"calendar":"TARGET","dcc":"Act/Act","bdc":"unadjusted","float_dcc":"Act/365","float_bdc":"following","effective_date":"30.05.2015","interest_capitalization":"false","linear_amortization":"true"},{"id":36,"type":"bond","sub_portfolio":"bonds","notional":100000,"currency":"EUR","maturity":"30.11.2058","tenor":12,"fixed_rate":0.01,"calendar":"TARGET","dcc":"30/360","bdc":"preceding","float_dcc":"Act/Act","float_bdc":"modified","effective_date":"30.07.2015","interest_capitalization":"true","linear_amortization":"false"},{"id":37,"type":"bond","sub_portfolio":"bonds","notional":100000,"currency":"EUR","maturity":"30.11.2059","tenor":1,"fixed_rate":0.01,"calendar":"TARGET","dcc":"Act/360","bdc":"following","float_dcc":"Act/360","float_bdc":"unadjusted","effective_date":"30.03.2016","interest_capitalization":"true","linear_amortization":"false"},{"id":38,"type":"bond","sub_portfolio":"bonds","notional":100000,"currency":"EUR","maturity":"30.11.2060","tenor":6,"fixed_rate":0.01,"calendar":"TARGET","dcc":"Act/Act","bdc":"unadjusted","float_dcc":"Act/365","float_bdc":"following","effective_date":"30.05.2015","interest_capitalization":"false","linear_amortization":"true"},{"id":39,"type":"bond","sub_portfolio":"bonds","notional":100000,"currency":"EUR","maturity":"30.11.2061","tenor":12,"fixed_rate":0.01,"calendar":"TARGET","dcc":"30/360","bdc":"preceding","float_dcc":"Act/Act","float_bdc":"modified","effective_date":"30.07.2015","interest_capitalization":"true","linear_amortization":"false"},{"id":40,"type":"bond","sub_portfolio":"bonds","notional":100000,"currency":"EUR","maturity":"30.11.2062","tenor":1,"fixed_rate":0.01,"calendar":"TARGET","dcc":"Act/360","bdc":"following","float_dcc":"Act/360","float_bdc":"unadjusted","effective_date":"30.03.2016","interest_capitalization":"true","linear_amortization":"false"},{"id":41,"type":"bond","sub_portfolio":"bonds","notional":100000,"currency":"EUR","maturity":"30.11.2063","tenor":6,"fixed_rate":0.01,"calendar":"TARGET","dcc":"Act/Act","bdc":"unadjusted","float_dcc":"Act/365","float_bdc":"following","effective_date":"30.05.2015","interest_capitalization":"false","linear_amortization":"true"},{"id":42,"type":"bond","sub_portfolio":"bonds","notional":100000,"currency":"EUR","maturity":"30.11.2064","tenor":12,"fixed_rate":0.01,"calendar":"TARGET","dcc":"30/360","bdc":"preceding","float_dcc":"Act/Act","float_bdc":"modified","effective_date":"30.07.2015","interest_capitalization":"true","linear_amortization":"false"},{"id":43,"type":"bond","sub_portfolio":"bonds","notional":100000,"currency":"EUR","maturity":"30.11.2065","tenor":1,"fixed_rate":0.01,"calendar":"TARGET","dcc":"Act/360","bdc":"following","float_dcc":"Act/360","float_bdc":"unadjusted","effective_date":"30.03.2016","interest_capitalization":"true","linear_amortization":"false"},{"id":44,"type":"bond","sub_portfolio":"bonds","notional":100000,"currency":"EUR","maturity":"30.11.2066","tenor":6,"fixed_rate":0.01,"calendar":"TARGET","dcc":"Act/Act","bdc":"unadjusted","float_dcc":"Act/365","float_bdc":"following","effective_date":"30.05.2015","interest_capitalization":"false","linear_amortization":"true"},{"id":45,"type":"bond","sub_portfolio":"bonds","notional":100000,"currency":"EUR","maturity":"30.11.2067","tenor":12,"fixed_rate":0.01,"calendar":"TARGET","dcc":"30/360","bdc":"preceding","float_dcc":"Act/Act","float_bdc":"modified","effective_date":"30.07.2015","interest_capitalization":"true","linear_amortization":"false"},{"id":46,"type":"bond","sub_portfolio":"bonds","notional":100000,"currency":"EUR","maturity":"30.11.2068","tenor":1,"fixed_rate":0.01,"calendar":"TARGET","dcc":"Act/360","bdc":"following","float_dcc":"Act/360","float_bdc":"unadjusted","effective_date":"30.03.2016","interest_capitalization":"true","linear_amortization":"false"},{"id":47,"type":"bond","sub_portfolio":"bonds","notional":100000,"currency":"EUR","maturity":"30.11.2069","tenor":6,"fixed_rate":0.01,"calendar":"TARGET","dcc":"Act/Act","bdc":"unadjusted","float_dcc":"Act/365","float_bdc":"following","effective_date":"30.05.2015","interest_capitalization":"false","linear_amortization":"true"},{"id":48,"type":"bond","sub_portfolio":"bonds","notional":100000,"currency":"EUR","maturity":"30.11.2070","tenor":12,"fixed_rate":0.01,"calendar":"TARGET","dcc":"30/360","bdc":"preceding","float_dcc":"Act/Act","float_bdc":"modified","effective_date":"30.07.2015","interest_capitalization":"true","linear_amortization":"false"},{"id":49,"type":"bond","sub_portfolio":"bonds","notional":100000,"currency":"EUR","maturity":"30.11.2071","tenor":1,"fixed_rate":0.01,"calendar":"TARGET","dcc":"Act/360","bdc":"following","float_dcc":"Act/360","float_bdc":"unadjusted","effective_date":"30.03.2016","interest_capitalization":"true","linear_amortization":"false"},{"id":50,"type":"bond","sub_portfolio":"bonds","notional":100000,"currency":"EUR","maturity":"30.11.2072","tenor":6,"fixed_rate":0.01,"calendar":"TARGET","dcc":"Act/Act","bdc":"unadjusted","float_dcc":"Act/365","float_bdc":"following","effective_date":"30.05.2015","interest_capitalization":"false","linear_amortization":"true"},{"id":51,"type":"bond","sub_portfolio":"bonds","notional":100000,"currency":"EUR","maturity":"30.11.2073","tenor":12,"fixed_rate":0.01,"calendar":"TARGET","dcc":"30/360","bdc":"preceding","float_dcc":"Act/Act","float_bdc":"modified","effective_date":"30.07.2015","interest_capitalization":"true","linear_amortization":"false"},{"id":52,"type":"bond","sub_portfolio":"bonds","notional":100000,"currency":"EUR","maturity":"30.11.2074","tenor":1,"fixed_rate":0.01,"calendar":"TARGET","dcc":"Act/360","bdc":"following","float_dcc":"Act/360","float_bdc":"unadjusted","effective_date":"30.03.2016","interest_capitalization":"true","linear_amortization":"false"},{"id":53,"type":"bond","sub_portfolio":"bonds","notional":100000,"currency":"EUR","maturity":"30.11.2075","tenor":6,"fixed_rate":0.01,"calendar":"TARGET","dcc":"Act/Act","bdc":"unadjusted","float_dcc":"Act/365","float_bdc":"following","effective_date":"30.05.2015","interest_capitalization":"false","linear_amortization":"true"},{"id":54,"type":"bond","sub_portfolio":"bonds","notional":100000,"currency":"EUR","maturity":"30.11.2076","tenor":12,"fixed_rate":0.01,"calendar":"TARGET","dcc":"30/360","bdc":"preceding","float_dcc":"Act/Act","float_bdc":"modified","effective_date":"30.07.2015","interest_capitalization":"true","linear_amortization":"false"},{"id":55,"type":"bond","sub_portfolio":"bonds","notional":100000,"currency":"EUR","maturity":"30.11.2077","tenor":1,"fixed_rate":0.01,"calendar":"TARGET","dcc":"Act/360","bdc":"following","float_dcc":"Act/360","float_bdc":"unadjusted","effective_date":"30.03.2016","interest_capitalization":"true","linear_amortization":"false"},{"id":56,"type":"bond","sub_portfolio":"bonds","notional":100000,"currency":"EUR","maturity":"30.11.2078","tenor":6,"fixed_rate":0.01,"calendar":"TARGET","dcc":"Act/Act","bdc":"unadjusted","float_dcc":"Act/365","float_bdc":"following","effective_date":"30.05.2015","interest_capitalization":"false","linear_amortization":"true"},{"id":57,"type":"bond","sub_portfolio":"bonds","notional":100000,"currency":"EUR","maturity":"30.11.2079","tenor":12,"fixed_rate":0.01,"calendar":"TARGET","dcc":"30/360","bdc":"preceding","float_dcc":"Act/Act","float_bdc":"modified","effective_date":"30.07.2015","interest_capitalization":"true","linear_amortization":"false"},{"id":58,"type":"bond","sub_portfolio":"bonds","notional":100000,"currency":"EUR","maturity":"30.11.2080","tenor":1,"fixed_rate":0.01,"calendar":"TARGET","dcc":"Act/360","bdc":"following","float_dcc":"Act/360","float_bdc":"unadjusted","effective_date":"30.03.2016","interest_capitalization":"true","linear_amortization":"false"},{"id":59,"type":"bond","sub_portfolio":"bonds","notional":100000,"currency":"EUR","maturity":"30.11.2081","tenor":6,"fixed_rate":0.01,"calendar":"TARGET","dcc":"Act/Act","bdc":"unadjusted","float_dcc":"Act/365","float_bdc":"following","effective_date":"30.05.2015","interest_capitalization":"false","linear_amortization":"true"},{"id":60,"type":"bond","sub_portfolio":"bonds","notional":100000,"currency":"EUR","maturity":"30.11.2082","tenor":12,"fixed_rate":0.01,"calendar":"TARGET","dcc":"30/360","bdc":"preceding","float_dcc":"Act/Act","float_bdc":"modified","effective_date":"30.07.2015","interest_capitalization":"true","linear_amortization":"false"},{"id":61,"type":"bond","sub_portfolio":"bonds","notional":100000,"currency":"EUR","maturity":"30.11.2083","tenor":1,"fixed_rate":0.01,"calendar":"TARGET","dcc":"Act/360","bdc":"following","float_dcc":"Act/360","float_bdc":"unadjusted","effective_date":"30.03.2016","interest_capitalization":"true","linear_amortization":"false"},{"id":62,"type":"bond","sub_portfolio":"bonds","notional":100000,"currency":"EUR","maturity":"30.11.2084","tenor":6,"fixed_rate":0.01,"calendar":"TARGET","dcc":"Act/Act","bdc":"unadjusted","float_dcc":"Act/365","float_bdc":"following","effective_date":"30.05.2015","interest_capitalization":"false","linear_amortization":"true"},{"id":63,"type":"bond","sub_portfolio":"bonds","notional":100000,"currency":"EUR","maturity":"30.11.2085","tenor":12,"fixed_rate":0.01,"calendar":"TARGET","dcc":"30/360","bdc":"preceding","float_dcc":"Act/Act","float_bdc":"modified","effective_date":"30.07.2015","interest_capitalization":"true","linear_amortization":"false"},{"id":64,"type":"bond","sub_portfolio":"bonds","notional":100000,"currency":"EUR","maturity":"30.11.2086","tenor":1,"fixed_rate":0.01,"calendar":"TARGET","dcc":"Act/360","bdc":"following","float_dcc":"Act/360","float_bdc":"unadjusted","effective_date":"30.03.2016","interest_capitalization":"true","linear_amortization":"false"},{"id":65,"type":"bond","sub_portfolio":"bonds","notional":100000,"currency":"EUR","maturity":"30.11.2087","tenor":6,"fixed_rate":0.01,"calendar":"TARGET","dcc":"Act/Act","bdc":"unadjusted","float_dcc":"Act/365","float_bdc":"following","effective_date":"30.05.2015","interest_capitalization":"false","linear_amortization":"true"},{"id":66,"type":"bond","sub_portfolio":"bonds","notional":100000,"currency":"EUR","maturity":"30.11.2088","tenor":12,"fixed_rate":0.01,"calendar":"TARGET","dcc":"30/360","bdc":"preceding","float_dcc":"Act/Act","float_bdc":"modified","effective_date":"30.07.2015","interest_capitalization":"true","linear_amortization":"false"},{"id":67,"type":"bond","sub_portfolio":"bonds","notional":100000,"currency":"EUR","maturity":"30.11.2089","tenor":1,"fixed_rate":0.01,"calendar":"TARGET","dcc":"Act/360","bdc":"following","float_dcc":"Act/365","float_bdc":"unadjusted","effective_date":"30.03.2016","interest_capitalization":"true","linear_amortization":"false"},{"id":68,"type":"bond","sub_portfolio":"bonds","notional":100000,"currency":"EUR","maturity":"30.11.2090","tenor":6,"fixed_rate":0.01,"calendar":"TARGET","dcc":"Act/Act","bdc":"unadjusted","float_dcc":"Act/Act","float_bdc":"following","effective_date":"30.05.2015","interest_capitalization":"false","linear_amortization":"true"},{"id":69,"type":"bond","sub_portfolio":"bonds","notional":100000,"currency":"EUR","maturity":"30.11.2091","tenor":12,"fixed_rate":0.01,"calendar":"TARGET","dcc":"30/360","bdc":"preceding","float_dcc":"Act/360","float_bdc":"modified","effective_date":"30.07.2015","interest_capitalization":"true","linear_amortization":"false"},{"id":70,"type":"bond","sub_portfolio":"bonds","notional":100000,"currency":"EUR","maturity":"30.11.2092","tenor":1,"fixed_rate":0.01,"calendar":"TARGET","dcc":"Act/360","bdc":"following","float_dcc":"Act/365","float_bdc":"unadjusted","effective_date":"30.03.2016","interest_capitalization":"true","linear_amortization":"false"},{"id":71,"type":"bond","sub_portfolio":"bonds","notional":100000,"currency":"EUR","maturity":"30.11.2093","tenor":6,"fixed_rate":0.01,"calendar":"TARGET","dcc":"Act/Act","bdc":"unadjusted","float_dcc":"Act/Act","float_bdc":"following","effective_date":"30.05.2015","interest_capitalization":"false","linear_amortization":"true"},{"id":72,"type":"bond","sub_portfolio":"bonds","notional":100000,"currency":"EUR","maturity":"30.11.2094","tenor":12,"fixed_rate":0.01,"calendar":"TARGET","dcc":"30/360","bdc":"preceding","float_dcc":"Act/360","float_bdc":"modified","effective_date":"30.07.2015","interest_capitalization":"true","linear_amortization":"false"},{"id":73,"type":"bond","sub_portfolio":"bonds","notional":100000,"currency":"EUR","maturity":"30.11.2095","tenor":1,"fixed_rate":0.01,"calendar":"TARGET","dcc":"Act/360","bdc":"following","float_dcc":"Act/365","float_bdc":"unadjusted","effective_date":"30.03.2016","interest_capitalization":"true","linear_amortization":"false"},{"id":74,"type":"bond","sub_portfolio":"bonds","notional":100000,"currency":"EUR","maturity":"30.11.2096","tenor":6,"fixed_rate":0.01,"calendar":"TARGET","dcc":"Act/Act","bdc":"unadjusted","float_dcc":"Act/Act","float_bdc":"following","effective_date":"30.05.2015","interest_capitalization":"false","linear_amortization":"true"},{"id":75,"type":"bond","sub_portfolio":"bonds","notional":100000,"currency":"EUR","maturity":"30.11.2097","tenor":12,"fixed_rate":0.01,"calendar":"TARGET","dcc":"30/360","bdc":"preceding","float_dcc":"Act/360","float_bdc":"modified","effective_date":"30.07.2015","interest_capitalization":"true","linear_amortization":"false"},{"id":76,"type":"bond","sub_portfolio":"bonds","notional":100000,"currency":"EUR","maturity":"30.11.2098","tenor":1,"fixed_rate":0.01,"calendar":"TARGET","dcc":"Act/360","bdc":"following","float_dcc":"Act/365","float_bdc":"unadjusted","effective_date":"30.03.2016","interest_capitalization":"true","linear_amortization":"false"},{"id":77,"type":"bond","sub_portfolio":"bonds","notional":100000,"currency":"EUR","maturity":"30.11.2099","tenor":6,"fixed_rate":0.01,"calendar":"TARGET","dcc":"Act/Act","bdc":"unadjusted","float_dcc":"Act/Act","float_bdc":"following","effective_date":"30.05.2015","interest_capitalization":"false","linear_amortization":"true"},{"id":78,"type":"bond","sub_portfolio":"bonds","notional":100000,"currency":"EUR","maturity":"30.11.2100","tenor":12,"fixed_rate":0.01,"calendar":"TARGET","dcc":"30/360","bdc":"preceding","float_dcc":"Act/360","float_bdc":"modified","effective_date":"30.07.2015","interest_capitalization":"true","linear_amortization":"false"},{"id":79,"type":"bond","sub_portfolio":"bonds","notional":100000,"currency":"EUR","maturity":"30.11.2101","tenor":1,"fixed_rate":0.01,"calendar":"TARGET","dcc":"Act/360","bdc":"following","float_dcc":"Act/365","float_bdc":"unadjusted","effective_date":"30.03.2016","interest_capitalization":"true","linear_amortization":"false"},{"id":80,"type":"bond","sub_portfolio":"bonds","notional":100000,"currency":"EUR","maturity":"30.11.2102","tenor":6,"fixed_rate":0.01,"calendar":"TARGET","dcc":"Act/Act","bdc":"unadjusted","float_dcc":"Act/Act","float_bdc":"following","effective_date":"30.05.2015","interest_capitalization":"false","linear_amortization":"true"},{"id":81,"type":"bond","sub_portfolio":"bonds","notional":100000,"currency":"EUR","maturity":"30.11.2103","tenor":12,"fixed_rate":0.01,"calendar":"TARGET","dcc":"30/360","bdc":"preceding","float_dcc":"Act/360","float_bdc":"modified","effective_date":"30.07.2015","interest_capitalization":"true","linear_amortization":"false"},{"id":82,"type":"bond","sub_portfolio":"bonds","notional":100000,"currency":"EUR","maturity":"30.11.2104","tenor":1,"fixed_rate":0.01,"calendar":"TARGET","dcc":"Act/360","bdc":"following","float_dcc":"Act/365","float_bdc":"unadjusted","effective_date":"30.03.2016","interest_capitalization":"true","linear_amortization":"false"},{"id":83,"type":"bond","sub_portfolio":"bonds","notional":100000,"currency":"EUR","maturity":"30.11.2105","tenor":6,"fixed_rate":0.01,"calendar":"TARGET","dcc":"Act/Act","bdc":"unadjusted","float_dcc":"Act/Act","float_bdc":"following","effective_date":"30.05.2015","interest_capitalization":"false","linear_amortization":"true"},{"id":84,"type":"bond","sub_portfolio":"bonds","notional":100000,"currency":"EUR","maturity":"30.11.2106","tenor":12,"fixed_rate":0.01,"calendar":"TARGET","dcc":"30/360","bdc":"preceding","float_dcc":"Act/360","float_bdc":"modified","effective_date":"30.07.2015","interest_capitalization":"true","linear_amortization":"false"},{"id":85,"type":"bond","sub_portfolio":"bonds","notional":100000,"currency":"EUR","maturity":"30.11.2107","tenor":1,"fixed_rate":0.01,"calendar":"TARGET","dcc":"Act/360","bdc":"following","float_dcc":"Act/365","float_bdc":"unadjusted","effective_date":"30.03.2016","interest_capitalization":"true","linear_amortization":"false"},{"id":86,"type":"bond","sub_portfolio":"bonds","notional":100000,"currency":"EUR","maturity":"30.11.2108","tenor":6,"fixed_rate":0.01,"calendar":"TARGET","dcc":"Act/Act","bdc":"unadjusted","float_dcc":"Act/Act","float_bdc":"following","effective_date":"30.05.2015","interest_capitalization":"false","linear_amortization":"true"},{"id":87,"type":"bond","sub_portfolio":"bonds","notional":100000,"currency":"EUR","maturity":"30.11.2109","tenor":12,"fixed_rate":0.01,"calendar":"TARGET","dcc":"30/360","bdc":"preceding","float_dcc":"Act/360","float_bdc":"modified","effective_date":"30.07.2015","interest_capitalization":"true","linear_amortization":"false"},{"id":88,"type":"bond","sub_portfolio":"bonds","notional":100000,"currency":"EUR","maturity":"30.11.2110","tenor":1,"fixed_rate":0.01,"calendar":"TARGET","dcc":"Act/360","bdc":"following","float_dcc":"Act/365","float_bdc":"unadjusted","effective_date":"30.03.2016","interest_capitalization":"true","linear_amortization":"false"},{"id":89,"type":"bond","sub_portfolio":"bonds","notional":100000,"currency":"EUR","maturity":"30.11.2111","tenor":6,"fixed_rate":0.01,"calendar":"TARGET","dcc":"Act/Act","bdc":"unadjusted","float_dcc":"Act/Act","float_bdc":"following","effective_date":"30.05.2015","interest_capitalization":"false","linear_amortization":"true"},{"id":90,"type":"bond","sub_portfolio":"bonds","notional":100000,"currency":"EUR","maturity":"30.11.2112","tenor":12,"fixed_rate":0.01,"calendar":"TARGET","dcc":"30/360","bdc":"preceding","float_dcc":"Act/360","float_bdc":"modified","effective_date":"30.07.2015","interest_capitalization":"true","linear_amortization":"false"},{"id":91,"type":"bond","sub_portfolio":"bonds","notional":100000,"currency":"EUR","maturity":"30.11.2113","tenor":1,"fixed_rate":0.01,"calendar":"TARGET","dcc":"Act/360","bdc":"following","float_dcc":"Act/365","float_bdc":"unadjusted","effective_date":"30.03.2016","interest_capitalization":"true","linear_amortization":"false"},{"id":92,"type":"bond","sub_portfolio":"bonds","notional":100000,"currency":"EUR","maturity":"30.11.2114","tenor":6,"fixed_rate":0.01,"calendar":"TARGET","dcc":"Act/Act","bdc":"unadjusted","float_dcc":"Act/Act","float_bdc":"following","effective_date":"30.05.2015","interest_capitalization":"false","linear_amortization":"true"},{"id":93,"type":"bond","sub_portfolio":"bonds","notional":100000,"currency":"EUR","maturity":"30.11.2115","tenor":12,"fixed_rate":0.01,"calendar":"TARGET","dcc":"30/360","bdc":"preceding","float_dcc":"Act/360","float_bdc":"modified","effective_date":"30.07.2015","interest_capitalization":"true","linear_amortization":"false"},{"id":94,"type":"bond","sub_portfolio":"bonds","notional":100000,"currency":"EUR","maturity":"30.11.2116","tenor":1,"fixed_rate":0.01,"calendar":"TARGET","dcc":"Act/360","bdc":"following","float_dcc":"Act/365","float_bdc":"unadjusted","effective_date":"30.03.2016","interest_capitalization":"true","linear_amortization":"false"},{"id":95,"type":"bond","sub_portfolio":"bonds","notional":100000,"currency":"EUR","maturity":"30.11.2117","tenor":6,"fixed_rate":0.01,"calendar":"TARGET","dcc":"Act/Act","bdc":"unadjusted","float_dcc":"Act/Act","float_bdc":"following","effective_date":"30.05.2015","interest_capitalization":"false","linear_amortization":"true"},{"id":96,"type":"bond","sub_portfolio":"bonds","notional":100000,"currency":"EUR","maturity":"30.11.2118","tenor":12,"fixed_rate":0.01,"calendar":"TARGET","dcc":"30/360","bdc":"preceding","float_dcc":"Act/360","float_bdc":"modified","effective_date":"30.07.2015","interest_capitalization":"true","linear_amortization":"false"},{"id":97,"type":"bond","sub_portfolio":"bonds","notional":100000,"currency":"EUR","maturity":"30.11.2119","tenor":1,"fixed_rate":0.01,"calendar":"TARGET","dcc":"Act/360","bdc":"following","float_dcc":"Act/365","float_bdc":"unadjusted","effective_date":"30.03.2016","interest_capitalization":"true","linear_amortization":"false"},{"id":98,"type":"bond","sub_portfolio":"bonds","notional":100000,"currency":"EUR","maturity":"30.11.2120","tenor":6,"fixed_rate":0.01,"calendar":"TARGET","dcc":"Act/Act","bdc":"unadjusted","float_dcc":"Act/Act","float_bdc":"following","effective_date":"30.05.2015","interest_capitalization":"false","linear_amortization":"true"},{"id":99,"type":"bond","sub_portfolio":"bonds","notional":100000,"currency":"EUR","maturity":"30.11.2121","tenor":12,"fixed_rate":0.01,"calendar":"TARGET","dcc":"30/360","bdc":"preceding","float_dcc":"Act/360","float_bdc":"modified","effective_date":"30.07.2015","interest_capitalization":"true","linear_amortization":"false"},{"id":100,"type":"bond","sub_portfolio":"bonds","notional":100000,"currency":"EUR","maturity":"30.11.2023","tenor":1,"fixed_rate":0.01,"calendar":"TARGET","dcc":"Act/360","bdc":"following","float_dcc":"Act/365","float_bdc":"unadjusted","effective_date":"30.03.2016","interest_capitalization":"true","linear_amortization":"false"}]
