[{"id":350001,"type":"callable_bond","sub_portfolio":"callable_bonds","notional":100000,"currency":"EUR","maturity":"30.11.2021","tenor":1,"fixed_rate":0.01,"calendar":"TARGET","dcc":"Act/360","bdc":"unadjusted","float_dcc":"Act/Act","float_bdc":"preceding","effective_date":"30.03.2016","interest_capitalization":"true","linear_amortization":"false","first_exercise_date":"30.11.2020","call_tenor":1},{"id":350002,"type":"callable_bond","sub_portfolio":"callable_bonds","notional":100000,"currency":"EUR","maturity":"30.11.2022","tenor":3,"fixed_rate":0.01,"calendar":"TARGET","dcc":"Act/365","bdc":"modified","float_dcc":"30/360","float_bdc":"following","effective_date":"30.05.2016","interest_capitalization":"true","linear_amortization":"false","first_exercise_date":"30.01.2021","call_tenor":1},{"id":350003,"type":"callable_bond","sub_portfolio":"callable_bonds","notional":100000,"currency":"EUR","maturity":"30.11.2023","tenor":6,"fixed_rate":0.01,"calendar":"TARGET","dcc":"Act/Act","bdc":"preceding","float_dcc":"Act/360","float_bdc":"unadjusted","effective_date":"28.07.2016","interest_capitalization":"true","linear_amortization":"false","first_exercise_date":"30.03.2021","call_tenor":1},{"id":350004,"type":"callable_bond","sub_portfolio":"callable_bonds","notional":100000,"currency":"EUR","maturity":"30.11.2036","tenor":12,"fixed_rate":0.01,"calendar":"TARGET","dcc":"30/360","bdc":"following","float_dcc":"Act/365","float_bdc":"modified","effective_date":"30.03.2015","interest_capitalization":"true","linear_amortization":"false","first_exercise_date":"30.11.2025","call_tenor":1},{"id":350005,"type":"callable_bond","sub_portfolio":"callable_bonds","notional":100000,"currency":"EUR","maturity":"30.11.2025","tenor":1,"fixed_rate":0.01,"calendar":"TARGET","dcc":"Act/360","bdc":"unadjusted","float_dcc":"Act/Act","float_bdc":"preceding","effective_date":"30.11.2016","interest_capitalization":"true","linear_amortization":"false","first_exercise_date":"30.07.2021","call_tenor":1},{"id":350006,"type":"callable_bond","sub_portfolio":"callable_bonds","notional":100000,"currency":"EUR","maturity":"30.11.2026","tenor":3,"fixed_rate":0.01,"calendar":"TARGET","dcc":"Act/365","bdc":"modified","float_dcc":"30/360","float_bdc":"following","effective_date":"30.01.2016","interest_capitalization":"true","linear_amortization":"false","first_exercise_date":"30.09.2025","call_tenor":1},{"id":350007,"type":"callable_bond","sub_portfolio":"callable_bonds","notional":100000,"currency":"EUR","maturity":"30.11.2027","tenor":6,"fixed_rate":0.01,"calendar":"TARGET","dcc":"Act/Act","bdc":"preceding","float_dcc":"Act/360","float_bdc":"unadjusted","effective_date":"30.03.2017","interest_capitalization":"true","linear_amortization":"false","first_exercise_date":"30.11.2025","call_tenor":1},{"id":350008,"type":"callable_bond","sub_portfolio":"callable_bonds","notional":100000,"currency":"EUR","maturity":"30.11.2028","tenor":12,"fixed_rate":0.01,"calendar":"TARGET","dcc":"30/360","bdc":"following","float_dcc":"Act/365","float_bdc":"modified","effective_date":"30.05.2017","interest_capitalization":"true","linear_amortization":"false","first_exercise_date":"30.01.2025","call_tenor":1},{"id":350009,"type":"callable_bond","sub_portfolio":"callable_bonds","notional":100000,"currency":"EUR","maturity":"30.11.2029","tenor":1,"fixed_rate":0.01,"calendar":"TARGET","dcc":"Act/360","bdc":"unadjusted","float_dcc":"Act/Act","float_bdc":"preceding","effective_date":"30.07.2017","interest_capitalization":"true","linear_amortization":"false","first_exercise_date":"30.03.2025","call_tenor":1},{"id":350010,"type":"callable_bond","sub_portfolio":"callable_bonds","notional":100000,"currency":"EUR","maturity":"27.11.2030","tenor":3,"fixed_rate":0.01,"calendar":"TARGET","dcc":"Act/365","bdc":"modified","float_dcc":"30/360","float_bdc":"following","effective_date":"30.09.2017","interest_capitalization":"true","linear_amortization":"false","first_exercise_date":"30.05.2025","call_tenor":1},{"id":350011,"type":"callable_bond","sub_portfolio":"callable_bonds","notional":100000,"currency":"EUR","maturity":"27.11.2031","tenor":6,"fixed_rate":0.01,"calendar":"TARGET","dcc":"Act/Act","bdc":"preceding","float_dcc":"Act/360","float_bdc":"unadjusted","effective_date":"30.11.2017","interest_capitalization":"true","linear_amortization":"false","first_exercise_date":"30.07.2025","call_tenor":1},{"id":350012,"type":"callable_bond","sub_portfolio":"callable_bonds","notional":100000,"currency":"EUR","maturity":"30.11.2021","tenor":12,"fixed_rate":0.01,"calendar":"TARGET","dcc":"30/360","bdc":"following","float_dcc":"Act/365","float_bdc":"modified","effective_date":"30.01.2017","interest_capitalization":"true","linear_amortization":"false","first_exercise_date":"30.11.2020","call_tenor":1},{"id":350013,"type":"callable_bond","sub_portfolio":"callable_bonds","notional":100000,"currency":"EUR","maturity":"30.11.2022","tenor":1,"fixed_rate":0.01,"calendar":"TARGET","dcc":"Act/360","bdc":"unadjusted","float_dcc":"Act/Act","float_bdc":"preceding","effective_date":"30.03.2016","interest_capitalization":"true","linear_amortization":"false","first_exercise_date":"30.01.2021","call_tenor":1},{"id":350014,"type":"callable_bond","sub_portfolio":"callable_bonds","notional":100000,"currency":"EUR","maturity":"30.11.2023","tenor":3,"fixed_rate":0.01,"calendar":"TARGET","dcc":"Act/365","bdc":"modified","float_dcc":"30/360","float_bdc":"following","effective_date":"30.05.2016","interest_capitalization":"true","linear_amortization":"false","first_exercise_date":"30.03.2021","call_tenor":1},{"id":350015,"type":"callable_bond","sub_portfolio":"callable_bonds","notional":100000,"currency":"EUR","maturity":"28.11.2024","tenor":6,"fixed_rate":0.01,"calendar":"TARGET","dcc":"Act/Act","bdc":"preceding","float_dcc":"Act/360","float_bdc":"unadjusted","effective_date":"28.07.2016","interest_capitalization":"true","linear_amortization":"false","first_exercise_date":"27.05.2021","call_tenor":1},{"id":350016,"type":"callable_bond","sub_portfolio":"callable_bonds","notional":100000,"currency":"EUR","maturity":"28.11.2025","tenor":12,"fixed_rate":0.01,"calendar":"TARGET","dcc":"30/360","bdc":"following","float_dcc":"Act/365","float_bdc":"modified","effective_date":"30.09.2016","interest_capitalization":"true","linear_amortization":"false","first_exercise_date":"30.07.2021","call_tenor":1},{"id":350017,"type":"callable_bond","sub_portfolio":"callable_bonds","notional":100000,"currency":"EUR","maturity":"30.11.2026","tenor":1,"fixed_rate":0.01,"calendar":"TARGET","dcc":"Act/360","bdc":"unadjusted","float_dcc":"Act/Act","float_bdc":"preceding","effective_date":"30.11.2016","interest_capitalization":"true","linear_amortization":"false","first_exercise_date":"30.09.2025","call_tenor":1},{"id":350018,"type":"callable_bond","sub_portfolio":"callable_bonds","notional":100000,"currency":"EUR","maturity":"30.11.2027","tenor":3,"fixed_rate":0.01,"calendar":"TARGET","dcc":"Act/365","bdc":"modified","float_dcc":"30/360","float_bdc":"following","effective_date":"30.01.2016","interest_capitalization":"true","linear_amortization":"false","first_exercise_date":"30.11.2025","call_tenor":1},{"id":350019,"type":"callable_bond","sub_portfolio":"callable_bonds","notional":100000,"currency":"EUR","maturity":"30.11.2028","tenor":6,"fixed_rate":0.01,"calendar":"TARGET","dcc":"Act/Act","bdc":"preceding","float_dcc":"Act/360","float_bdc":"unadjusted","effective_date":"30.03.2017","interest_capitalization":"true","linear_amortization":"false","first_exercise_date":"30.01.2025","call_tenor":1},{"id":350020,"type":"callable_bond","sub_portfolio":"callable_bonds","notional":100000,"currency":"EUR","maturity":"30.11.2029","tenor":12,"fixed_rate":0.01,"calendar":"TARGET","dcc":"30/360","bdc":"following","float_dcc":"Act/365","float_bdc":"modified","effective_date":"30.05.2017","interest_capitalization":"true","linear_amortization":"false","first_exercise_date":"30.03.2025","call_tenor":1},{"id":350021,"type":"callable_bond","sub_portfolio":"callable_bonds","notional":100000,"currency":"EUR","maturity":"27.11.2030","tenor":1,"fixed_rate":0.01,"calendar":"TARGET","dcc":"Act/360","bdc":"unadjusted","float_dcc":"Act/Act","float_bdc":"preceding","effective_date":"30.07.2017","interest_capitalization":"true","linear_amortization":"false","first_exercise_date":"30.05.2025","call_tenor":1},{"id":350022,"type":"callable_bond","sub_portfolio":"callable_bonds","notional":100000,"currency":"EUR","maturity":"27.11.2031","tenor":3,"fixed_rate":0.01,"calendar":"TARGET","dcc":"Act/365","bdc":"modified","float_dcc":"30/360","float_bdc":"following","effective_date":"30.09.2017","interest_capitalization":"true","linear_amortization":"false","first_exercise_date":"30.07.2025","call_tenor":1},{"id":350023,"type":"callable_bond","sub_portfolio":"callable_bonds","notional":100000,"currency":"EUR","maturity":"30.11.2021","tenor":6,"fixed_rate":0.01,"calendar":"TARGET","dcc":"Act/Act","bdc":"preceding","float_dcc":"Act/360","float_bdc":"modified","effective_date":"30.11.2017","interest_capitalization":"true","linear_amortization":"false","first_exercise_date":"30.11.2020","call_tenor":1},{"id":350024,"type":"callable_bond","sub_portfolio":"callable_bonds","notional":100000,"currency":"EUR","maturity":"30.11.2022","tenor":12,"fixed_rate":0.01,"calendar":"TARGET","dcc":"30/360","bdc":"following","float_dcc":"Act/365","float_bdc":"preceding","effective_date":"30.01.2017","interest_capitalization":"true","linear_amortization":"false","first_exercise_date":"30.01.2021","call_tenor":1},{"id":350025,"type":"callable_bond","sub_portfolio":"callable_bonds","notional":100000,"currency":"EUR","maturity":"30.11.2023","tenor":1,"fixed_rate":0.01,"calendar":"TARGET","dcc":"Act/360","bdc":"modified","float_dcc":"Act/Act","float_bdc":"following","effective_date":"30.03.2016","interest_capitalization":"true","linear_amortization":"false","first_exercise_date":"30.03.2021","call_tenor":1},{"id":350026,"type":"callable_bond","sub_portfolio":"callable_bonds","notional":100000,"currency":"EUR","maturity":"28.11.2024","tenor":3,"fixed_rate":0.01,"calendar":"TARGET","dcc":"Act/365","bdc":"preceding","float_dcc":"30/360","float_bdc":"unadjusted","effective_date":"30.05.2016","interest_capitalization":"false","linear_amortization":"true","first_exercise_date":"27.05.2021","call_tenor":1},{"id":350027,"type":"callable_bond","sub_portfolio":"callable_bonds","notional":100000,"currency":"EUR","maturity":"30.11.2025","tenor":6,"fixed_rate":0.01,"calendar":"TARGET","dcc":"Act/Act","bdc":"following","float_dcc":"Act/360","float_bdc":"modified","effective_date":"28.07.2016","interest_capitalization":"false","linear_amortization":"true","first_exercise_date":"30.07.2021","call_tenor":1},{"id":350028,"type":"callable_bond","sub_portfolio":"callable_bonds","notional":100000,"currency":"EUR","maturity":"30.11.2026","tenor":12,"fixed_rate":0.01,"calendar":"TARGET","dcc":"30/360","bdc":"unadjusted","float_dcc":"Act/365","float_bdc":"preceding","effective_date":"30.09.2016","interest_capitalization":"false","linear_amortization":"true","first_exercise_date":"30.09.2025","call_tenor":1},{"id":350029,"type":"callable_bond","sub_portfolio":"callable_bonds","notional":100000,"currency":"EUR","maturity":"30.11.2027","tenor":1,"fixed_rate":0.01,"calendar":"TARGET","dcc":"Act/360","bdc":"modified","float_dcc":"Act/Act","float_bdc":"following","effective_date":"30.11.2016","interest_capitalization":"false","linear_amortization":"true","first_exercise_date":"30.11.2025","call_tenor":1},{"id":350030,"type":"callable_bond","sub_portfolio":"callable_bonds","notional":100000,"currency":"EUR","maturity":"30.11.2028","tenor":3,"fixed_rate":0.01,"calendar":"TARGET","dcc":"Act/365","bdc":"preceding","float_dcc":"30/360","float_bdc":"unadjusted","effective_date":"30.01.2016","interest_capitalization":"false","linear_amortization":"true","first_exercise_date":"30.01.2025","call_tenor":1},{"id":350031,"type":"callable_bond","sub_portfolio":"callable_bonds","notional":100000,"currency":"EUR","maturity":"30.11.2029","tenor":6,"fixed_rate":0.01,"calendar":"TARGET","dcc":"Act/Act","bdc":"following","float_dcc":"Act/365","float_bdc":"modified","effective_date":"30.03.2017","interest_capitalization":"false","linear_amortization":"true","first_exercise_date":"30.03.2025","call_tenor":1},{"id":350032,"type":"callable_bond","sub_portfolio":"callable_bonds","notional":100000,"currency":"EUR","maturity":"27.11.2030","tenor":12,"fixed_rate":0.01,"calendar":"TARGET","dcc":"30/360","bdc":"unadjusted","float_dcc":"Act/Act","float_bdc":"preceding","effective_date":"30.05.2017","interest_capitalization":"false","linear_amortization":"true","first_exercise_date":"30.05.2025","call_tenor":1},{"id":350033,"type":"callable_bond","sub_portfolio":"callable_bonds","notional":100000,"currency":"EUR","maturity":"27.11.2031","tenor":1,"fixed_rate":0.01,"calendar":"TARGET","dcc":"Act/365","bdc":"modified","float_dcc":"30/360","float_bdc":"following","effective_date":"30.07.2017","interest_capitalization":"false","linear_amortization":"true","first_exercise_date":"30.07.2025","call_tenor":1},{"id":350034,"type":"callable_bond","sub_portfolio":"callable_bonds","notional":100000,"currency":"EUR","maturity":"30.11.2021","tenor":3,"fixed_rate":0.01,"calendar":"TARGET","dcc":"Act/Act","bdc":"preceding","float_dcc":"Act/360","float_bdc":"unadjusted","effective_date":"30.09.2017","interest_capitalization":"false","linear_amortization":"true","first_exercise_date":"30.11.2020","call_tenor":1},{"id":350035,"type":"callable_bond","sub_portfolio":"callable_bonds","notional":100000,"currency":"EUR","maturity":"30.11.2022","tenor":6,"fixed_rate":0.01,"calendar":"TARGET","dcc":"30/360","bdc":"following","float_dcc":"Act/365","float_bdc":"modified","effective_date":"30.11.2017","interest_capitalization":"false","linear_amortization":"true","first_exercise_date":"30.01.2021","call_tenor":1},{"id":350036,"type":"callable_bond","sub_portfolio":"callable_bonds","notional":100000,"currency":"EUR","maturity":"30.11.2023","tenor":12,"fixed_rate":0.01,"calendar":"TARGET","dcc":"Act/360","bdc":"unadjusted","float_dcc":"Act/Act","float_bdc":"preceding","effective_date":"30.01.2017","interest_capitalization":"false","linear_amortization":"true","first_exercise_date":"30.03.2021","call_tenor":1},{"id":350037,"type":"callable_bond","sub_portfolio":"callable_bonds","notional":100000,"currency":"EUR","maturity":"28.11.2024","tenor":1,"fixed_rate":0.01,"calendar":"TARGET","dcc":"Act/365","bdc":"modified","float_dcc":"30/360","float_bdc":"following","effective_date":"30.03.2016","interest_capitalization":"false","linear_amortization":"true","first_exercise_date":"27.05.2021","call_tenor":1},{"id":350038,"type":"callable_bond","sub_portfolio":"callable_bonds","notional":100000,"currency":"EUR","maturity":"30.11.2025","tenor":3,"fixed_rate":0.01,"calendar":"TARGET","dcc":"Act/Act","bdc":"preceding","float_dcc":"Act/360","float_bdc":"unadjusted","effective_date":"30.05.2016","interest_capitalization":"false","linear_amortization":"true","first_exercise_date":"30.07.2021","call_tenor":1},{"id":350039,"type":"callable_bond","sub_portfolio":"callable_bonds","notional":100000,"currency":"EUR","maturity":"30.11.2026","tenor":6,"fixed_rate":0.01,"calendar":"TARGET","dcc":"30/360","bdc":"following","float_dcc":"Act/365","float_bdc":"modified","effective_date":"28.07.2016","interest_capitalization":"false","linear_amortization":"true","first_exercise_date":"30.09.2025","call_tenor":1},{"id":350040,"type":"callable_bond","sub_portfolio":"callable_bonds","notional":100000,"currency":"EUR","maturity":"30.11.2027","tenor":12,"fixed_rate":0.01,"calendar":"TARGET","dcc":"Act/360","bdc":"unadjusted","float_dcc":"Act/Act","float_bdc":"preceding","effective_date":"30.09.2016","interest_capitalization":"false","linear_amortization":"true","first_exercise_date":"30.11.2025","call_tenor":1},{"id":350041,"type":"callable_bond","sub_portfolio":"callable_bonds","notional":100000,"currency":"EUR","maturity":"30.11.2028","tenor":3,"fixed_rate":0.01,"calendar":"TARGET","dcc":"Act/365","bdc":"modified","float_dcc":"30/360","float_bdc":"following","effective_date":"30.11.2016","interest_capitalization":"false","linear_amortization":"true","first_exercise_date":"30.01.2025","call_tenor":1},{"id":350042,"type":"callable_bond","sub_portfolio":"callable_bonds","notional":100000,"currency":"EUR","maturity":"30.11.2029","tenor":6,"fixed_rate":0.01,"calendar":"TARGET","dcc":"Act/Act","bdc":"preceding","float_dcc":"Act/360","float_bdc":"unadjusted","effective_date":"30.01.2016","interest_capitalization":"false","linear_amortization":"true","first_exercise_date":"30.03.2025","call_tenor":1},{"id":350043,"type":"callable_bond","sub_portfolio":"callable_bonds","notional":100000,"currency":"EUR","maturity":"27.11.2030","tenor":12,"fixed_rate":0.01,"calendar":"TARGET","dcc":"30/360","bdc":"following","float_dcc":"Act/365","float_bdc":"modified","effective_date":"30.03.2017","interest_capitalization":"false","linear_amortization":"true","first_exercise_date":"30.05.2025","call_tenor":1},{"id":350044,"type":"callable_bond","sub_portfolio":"callable_bonds","notional":100000,"currency":"EUR","maturity":"27.11.2031","tenor":1,"fixed_rate":0.01,"calendar":"TARGET","dcc":"Act/360","bdc":"unadjusted","float_dcc":"Act/Act","float_bdc":"preceding","effective_date":"30.05.2017","interest_capitalization":"false","linear_amortization":"true","first_exercise_date":"30.07.2025","call_tenor":1},{"id":350045,"type":"callable_bond","sub_portfolio":"callable_bonds","notional":100000,"currency":"EUR","maturity":"30.11.2021","tenor":3,"fixed_rate":0.01,"calendar":"TARGET","dcc":"Act/365","bdc":"modified","float_dcc":"30/360","float_bdc":"following","effective_date":"30.07.2017","interest_capitalization":"false","linear_amortization":"true","first_exercise_date":"30.11.2020","call_tenor":1},{"id":350046,"type":"callable_bond","sub_portfolio":"callable_bonds","notional":100000,"currency":"EUR","maturity":"30.11.2022","tenor":6,"fixed_rate":0.01,"calendar":"TARGET","dcc":"Act/Act","bdc":"preceding","float_dcc":"Act/360","float_bdc":"unadjusted","effective_date":"30.09.2017","interest_capitalization":"false","linear_amortization":"true","first_exercise_date":"30.01.2021","call_tenor":1},{"id":350047,"type":"callable_bond","sub_portfolio":"callable_bonds","notional":100000,"currency":"EUR","maturity":"30.11.2023","tenor":12,"fixed_rate":0.01,"calendar":"TARGET","dcc":"30/360","bdc":"following","float_dcc":"Act/365","float_bdc":"modified","effective_date":"30.11.2017","interest_capitalization":"false","linear_amortization":"true","first_exercise_date":"30.03.2021","call_tenor":1},{"id":350048,"type":"callable_bond","sub_portfolio":"callable_bonds","notional":100000,"currency":"EUR","maturity":"28.11.2024","tenor":1,"fixed_rate":0.01,"calendar":"TARGET","dcc":"Act/360","bdc":"unadjusted","float_dcc":"Act/Act","float_bdc":"preceding","effective_date":"30.01.2017","interest_capitalization":"false","linear_amortization":"true","first_exercise_date":"27.05.2021","call_tenor":1},{"id":350049,"type":"callable_bond","sub_portfolio":"callable_bonds","notional":100000,"currency":"EUR","maturity":"30.11.2025","tenor":3,"fixed_rate":0.01,"calendar":"TARGET","dcc":"Act/365","bdc":"modified","float_dcc":"30/360","float_bdc":"following","effective_date":"30.03.2016","interest_capitalization":"false","linear_amortization":"true","first_exercise_date":"30.07.2021","call_tenor":1},{"id":350050,"type":"callable_bond","sub_portfolio":"callable_bonds","notional":100000,"currency":"EUR","maturity":"30.11.2026","tenor":6,"fixed_rate":0.01,"calendar":"TARGET","dcc":"Act/Act","bdc":"preceding","float_dcc":"Act/360","float_bdc":"preceding","effective_date":"30.05.2016","interest_capitalization":"false","linear_amortization":"true","first_exercise_date":"30.09.2025","call_tenor":1},{"id":350051,"type":"callable_bond","sub_portfolio":"callable_bonds","notional":100000,"currency":"EUR","maturity":"30.11.2027","tenor":12,"fixed_rate":0.01,"calendar":"TARGET","dcc":"30/360","bdc":"following","float_dcc":"Act/365","float_bdc":"following","effective_date":"28.07.2016","interest_capitalization":"true","linear_amortization":"true","first_exercise_date":"30.11.2025","call_tenor":1},{"id":350052,"type":"callable_bond","sub_portfolio":"callable_bonds","notional":100000,"currency":"EUR","maturity":"30.11.2028","tenor":1,"fixed_rate":0.01,"calendar":"TARGET","dcc":"Act/360","bdc":"unadjusted","float_dcc":"Act/Act","float_bdc":"preceding","effective_date":"30.09.2016","interest_capitalization":"false","linear_amortization":"false","first_exercise_date":"30.01.2025","call_tenor":1},{"id":350053,"type":"callable_bond","sub_portfolio":"callable_bonds","notional":100000,"currency":"EUR","maturity":"30.11.2029","tenor":3,"fixed_rate":0.01,"calendar":"TARGET","dcc":"Act/365","bdc":"preceding","float_dcc":"30/360","float_bdc":"following","effective_date":"30.11.2016","interest_capitalization":"true","linear_amortization":"true","first_exercise_date":"30.03.2025","call_tenor":1},{"id":350054,"type":"callable_bond","sub_portfolio":"callable_bonds","notional":100000,"currency":"EUR","maturity":"27.11.2030","tenor":6,"fixed_rate":0.01,"calendar":"TARGET","dcc":"Act/Act","bdc":"following","float_dcc":"Act/360","float_bdc":"unadjusted","effective_date":"30.01.2016","interest_capitalization":"false","linear_amortization":"false","first_exercise_date":"30.05.2025","call_tenor":1},{"id":350055,"type":"callable_bond","sub_portfolio":"callable_bonds","notional":100000,"currency":"EUR","maturity":"27.11.2031","tenor":12,"fixed_rate":0.01,"calendar":"TARGET","dcc":"30/360","bdc":"unadjusted","float_dcc":"Act/365","float_bdc":"modified","effective_date":"30.03.2017","interest_capitalization":"true","linear_amortization":"true","first_exercise_date":"30.07.2025","call_tenor":1},{"id":350056,"type":"callable_bond","sub_portfolio":"callable_bonds","notional":100000,"currency":"EUR","maturity":"30.11.2021","tenor":1,"fixed_rate":0.01,"calendar":"TARGET","dcc":"Act/360","bdc":"modified","float_dcc":"Act/Act","float_bdc":"preceding","effective_date":"30.05.2017","interest_capitalization":"false","linear_amortization":"false","first_exercise_date":"30.11.2020","call_tenor":1},{"id":350057,"type":"callable_bond","sub_portfolio":"callable_bonds","notional":100000,"currency":"EUR","maturity":"30.11.2022","tenor":3,"fixed_rate":0.01,"calendar":"TARGET","dcc":"Act/365","bdc":"preceding","float_dcc":"30/360","float_bdc":"following","effective_date":"30.07.2017","interest_capitalization":"true","linear_amortization":"true","first_exercise_date":"30.01.2021","call_tenor":1},{"id":350058,"type":"callable_bond","sub_portfolio":"callable_bonds","notional":100000,"currency":"EUR","maturity":"30.11.2023","tenor":6,"fixed_rate":0.01,"calendar":"TARGET","dcc":"Act/Act","bdc":"following","float_dcc":"Act/360","float_bdc":"unadjusted","effective_date":"30.09.2017","interest_capitalization":"false","linear_amortization":"false","first_exercise_date":"30.03.2021","call_tenor":1},{"id":350059,"type":"callable_bond","sub_portfolio":"callable_bonds","notional":100000,"currency":"EUR","maturity":"28.11.2024","tenor":12,"fixed_rate":0.01,"calendar":"TARGET","dcc":"30/360","bdc":"unadjusted","float_dcc":"Act/365","float_bdc":"modified","effective_date":"30.11.2017","interest_capitalization":"true","linear_amortization":"true","first_exercise_date":"27.05.2021","call_tenor":1},{"id":350060,"type":"callable_bond","sub_portfolio":"callable_bonds","notional":100000,"currency":"EUR","maturity":"30.11.2025","tenor":1,"fixed_rate":0.01,"calendar":"TARGET","dcc":"Act/360","bdc":"modified","float_dcc":"Act/Act","float_bdc":"preceding","effective_date":"30.01.2017","interest_capitalization":"false","linear_amortization":"false","first_exercise_date":"30.07.2021","call_tenor":1},{"id":350061,"type":"callable_bond","sub_portfolio":"callable_bonds","notional":100000,"currency":"EUR","maturity":"30.11.2026","tenor":3,"fixed_rate":0.01,"calendar":"TARGET","dcc":"Act/365","bdc":"preceding","float_dcc":"30/360","float_bdc":"following","effective_date":"30.03.2016","interest_capitalization":"true","linear_amortization":"true","first_exercise_date":"30.09.2025","call_tenor":1},{"id":350062,"type":"callable_bond","sub_portfolio":"callable_bonds","notional":100000,"currency":"EUR","maturity":"30.11.2027","tenor":6,"fixed_rate":0.01,"calendar":"TARGET","dcc":"Act/Act","bdc":"following","float_dcc":"Act/360","float_bdc":"unadjusted","effective_date":"30.05.2016","interest_capitalization":"false","linear_amortization":"false","first_exercise_date":"30.11.2025","call_tenor":1},{"id":350063,"type":"callable_bond","sub_portfolio":"callable_bonds","notional":100000,"currency":"EUR","maturity":"30.11.2028","tenor":12,"fixed_rate":0.01,"calendar":"TARGET","dcc":"30/360","bdc":"unadjusted","float_dcc":"Act/365","float_bdc":"modified","effective_date":"28.07.2016","interest_capitalization":"true","linear_amortization":"true","first_exercise_date":"30.01.2025","call_tenor":1},{"id":350064,"type":"callable_bond","sub_portfolio":"callable_bonds","notional":100000,"currency":"EUR","maturity":"30.11.2029","tenor":1,"fixed_rate":0.01,"calendar":"TARGET","dcc":"Act/360","bdc":"modified","float_dcc":"Act/Act","float_bdc":"preceding","effective_date":"30.09.2016","interest_capitalization":"false","linear_amortization":"false","first_exercise_date":"30.03.2025","call_tenor":1},{"id":350065,"type":"callable_bond","sub_portfolio":"callable_bonds","notional":100000,"currency":"EUR","maturity":"27.11.2030","tenor":6,"fixed_rate":0.01,"calendar":"TARGET","dcc":"Act/365","bdc":"preceding","float_dcc":"30/360","float_bdc":"following","effective_date":"30.11.2016","interest_capitalization":"true","linear_amortization":"true","first_exercise_date":"30.05.2025","call_tenor":1},{"id":350066,"type":"callable_bond","sub_portfolio":"callable_bonds","notional":100000,"currency":"EUR","maturity":"27.11.2031","tenor":12,"fixed_rate":0.01,"calendar":"TARGET","dcc":"Act/Act","bdc":"following","float_dcc":"Act/360","float_bdc":"unadjusted","effective_date":"30.01.2016","interest_capitalization":"false","linear_amortization":"false","first_exercise_date":"30.07.2025","call_tenor":1},{"id":350067,"type":"callable_bond","sub_portfolio":"callable_bonds","notional":100000,"currency":"EUR","maturity":"30.11.2021","tenor":1,"fixed_rate":0.01,"calendar":"TARGET","dcc":"30/360","bdc":"unadjusted","float_dcc":"Act/365","float_bdc":"modified","effective_date":"30.03.2017","interest_capitalization":"true","linear_amortization":"true","first_exercise_date":"30.11.2020","call_tenor":1},{"id":350068,"type":"callable_bond","sub_portfolio":"callable_bonds","notional":100000,"currency":"EUR","maturity":"30.11.2022","tenor":3,"fixed_rate":0.01,"calendar":"TARGET","dcc":"Act/360","bdc":"modified","float_dcc":"Act/Act","float_bdc":"preceding","effective_date":"30.05.2017","interest_capitalization":"false","linear_amortization":"false","first_exercise_date":"30.01.2021","call_tenor":1},{"id":350069,"type":"callable_bond","sub_portfolio":"callable_bonds","notional":100000,"currency":"EUR","maturity":"30.11.2023","tenor":6,"fixed_rate":0.01,"calendar":"TARGET","dcc":"Act/365","bdc":"preceding","float_dcc":"30/360","float_bdc":"following","effective_date":"30.07.2017","interest_capitalization":"true","linear_amortization":"true","first_exercise_date":"30.03.2021","call_tenor":1},{"id":350070,"type":"callable_bond","sub_portfolio":"callable_bonds","notional":100000,"currency":"EUR","maturity":"28.11.2024","tenor":12,"fixed_rate":0.01,"calendar":"TARGET","dcc":"Act/Act","bdc":"following","float_dcc":"Act/360","float_bdc":"unadjusted","effective_date":"30.09.2017","interest_capitalization":"false","linear_amortization":"false","first_exercise_date":"27.05.2021","call_tenor":1},{"id":350071,"type":"callable_bond","sub_portfolio":"callable_bonds","notional":100000,"currency":"EUR","maturity":"30.11.2025","tenor":1,"fixed_rate":0.01,"calendar":"TARGET","dcc":"30/360","bdc":"unadjusted","float_dcc":"Act/365","float_bdc":"preceding","effective_date":"30.11.2017","interest_capitalization":"true","linear_amortization":"true","first_exercise_date":"30.07.2021","call_tenor":1},{"id":350072,"type":"callable_bond","sub_portfolio":"callable_bonds","notional":100000,"currency":"EUR","maturity":"30.11.2026","tenor":3,"fixed_rate":0.01,"calendar":"TARGET","dcc":"Act/360","bdc":"modified","float_dcc":"Act/Act","float_bdc":"following","effective_date":"30.01.2017","interest_capitalization":"false","linear_amortization":"false","first_exercise_date":"30.09.2025","call_tenor":1},{"id":350073,"type":"callable_bond","sub_portfolio":"callable_bonds","notional":100000,"currency":"EUR","maturity":"30.11.2027","tenor":6,"fixed_rate":0.01,"calendar":"TARGET","dcc":"Act/365","bdc":"preceding","float_dcc":"30/360","float_bdc":"unadjusted","effective_date":"30.03.2016","interest_capitalization":"true","linear_amortization":"true","first_exercise_date":"30.11.2025","call_tenor":1},{"id":350074,"type":"callable_bond","sub_portfolio":"callable_bonds","notional":100000,"currency":"EUR","maturity":"30.11.2028","tenor":12,"fixed_rate":0.01,"calendar":"TARGET","dcc":"Act/Act","bdc":"following","float_dcc":"Act/360","float_bdc":"modified","effective_date":"30.05.2016","interest_capitalization":"false","linear_amortization":"false","first_exercise_date":"30.01.2025","call_tenor":1},{"id":350075,"type":"callable_bond","sub_portfolio":"callable_bonds","notional":100000,"currency":"EUR","maturity":"30.11.2029","tenor":1,"fixed_rate":0.01,"calendar":"TARGET","dcc":"30/360","bdc":"unadjusted","float_dcc":"Act/365","float_bdc":"preceding","effective_date":"28.07.2016","interest_capitalization":"true","linear_amortization":"true","first_exercise_date":"30.03.2025","call_tenor":1},{"id":350076,"type":"callable_bond","sub_portfolio":"callable_bonds","notional":100000,"currency":"EUR","maturity":"27.11.2030","tenor":3,"fixed_rate":0.01,"calendar":"TARGET","dcc":"Act/360","bdc":"modified","float_dcc":"30/360","float_bdc":"following","effective_date":"30.09.2016","interest_capitalization":"false","linear_amortization":"false","first_exercise_date":"30.05.2025","call_tenor":1},{"id":350077,"type":"callable_bond","sub_portfolio":"callable_bonds","notional":100000,"currency":"EUR","maturity":"27.11.2031","tenor":6,"fixed_rate":0.01,"calendar":"TARGET","dcc":"Act/365","bdc":"following","float_dcc":"Act/360","float_bdc":"unadjusted","effective_date":"30.11.2016","interest_capitalization":"true","linear_amortization":"true","first_exercise_date":"30.07.2025","call_tenor":1},{"id":350078,"type":"callable_bond","sub_portfolio":"callable_bonds","notional":100000,"currency":"EUR","maturity":"30.11.2021","tenor":12,"fixed_rate":0.01,"calendar":"TARGET","dcc":"30/360","bdc":"unadjusted","float_dcc":"Act/365","float_bdc":"modified","effective_date":"30.01.2016","interest_capitalization":"false","linear_amortization":"false","first_exercise_date":"30.11.2020","call_tenor":1},{"id":350079,"type":"callable_bond","sub_portfolio":"callable_bonds","notional":100000,"currency":"EUR","maturity":"30.11.2022","tenor":1,"fixed_rate":0.01,"calendar":"TARGET","dcc":"Act/360","bdc":"modified","float_dcc":"Act/Act","float_bdc":"preceding","effective_date":"30.03.2017","interest_capitalization":"true","linear_amortization":"true","first_exercise_date":"30.01.2021","call_tenor":1},{"id":350080,"type":"callable_bond","sub_portfolio":"callable_bonds","notional":100000,"currency":"EUR","maturity":"30.11.2023","tenor":3,"fixed_rate":0.01,"calendar":"TARGET","dcc":"Act/365","bdc":"preceding","float_dcc":"30/360","float_bdc":"unadjusted","effective_date":"30.05.2017","interest_capitalization":"false","linear_amortization":"false","first_exercise_date":"30.03.2021","call_tenor":1},{"id":350081,"type":"callable_bond","sub_portfolio":"callable_bonds","notional":100000,"currency":"EUR","maturity":"28.11.2024","tenor":6,"fixed_rate":0.01,"calendar":"TARGET","dcc":"Act/Act","bdc":"following","float_dcc":"Act/360","float_bdc":"preceding","effective_date":"30.07.2017","interest_capitalization":"true","linear_amortization":"true","first_exercise_date":"27.05.2021","call_tenor":1},{"id":350082,"type":"callable_bond","sub_portfolio":"callable_bonds","notional":100000,"currency":"EUR","maturity":"30.11.2025","tenor":12,"fixed_rate":0.01,"calendar":"TARGET","dcc":"30/360","bdc":"unadjusted","float_dcc":"Act/365","float_bdc":"following","effective_date":"30.09.2017","interest_capitalization":"false","linear_amortization":"false","first_exercise_date":"30.07.2021","call_tenor":1},{"id":350083,"type":"callable_bond","sub_portfolio":"callable_bonds","notional":100000,"currency":"EUR","maturity":"30.11.2026","tenor":1,"fixed_rate":0.01,"calendar":"TARGET","dcc":"Act/360","bdc":"modified","float_dcc":"Act/Act","float_bdc":"unadjusted","effective_date":"30.11.2017","interest_capitalization":"true","linear_amortization":"true","first_exercise_date":"30.09.2025","call_tenor":1},{"id":350084,"type":"callable_bond","sub_portfolio":"callable_bonds","notional":100000,"currency":"EUR","maturity":"30.11.2027","tenor":3,"fixed_rate":0.01,"calendar":"TARGET","dcc":"Act/365","bdc":"preceding","float_dcc":"30/360","float_bdc":"modified","effective_date":"30.01.2017","interest_capitalization":"false","linear_amortization":"false","first_exercise_date":"30.11.2025","call_tenor":1},{"id":350085,"type":"callable_bond","sub_portfolio":"callable_bonds","notional":100000,"currency":"EUR","maturity":"30.11.2028","tenor":12,"fixed_rate":0.01,"calendar":"TARGET","dcc":"Act/Act","bdc":"following","float_dcc":"Act/360","float_bdc":"preceding","effective_date":"30.03.2016","interest_capitalization":"true","linear_amortization":"true","first_exercise_date":"30.01.2025","call_tenor":1},{"id":350086,"type":"callable_bond","sub_portfolio":"callable_bonds","notional":100000,"currency":"EUR","maturity":"30.11.2029","tenor":1,"fixed_rate":0.01,"calendar":"TARGET","dcc":"30/360","bdc":"unadjusted","float_dcc":"Act/365","float_bdc":"following","effective_date":"30.05.2016","interest_capitalization":"false","linear_amortization":"false","first_exercise_date":"30.03.2025","call_tenor":1},{"id":350087,"type":"callable_bond","sub_portfolio":"callable_bonds","notional":100000,"currency":"EUR","maturity":"27.11.2030","tenor":3,"fixed_rate":0.01,"calendar":"TARGET","dcc":"Act/360","bdc":"modified","float_dcc":"Act/Act","float_bdc":"unadjusted","effective_date":"28.07.2016","interest_capitalization":"true","linear_amortization":"true","first_exercise_date":"30.05.2025","call_tenor":1},{"id":350088,"type":"callable_bond","sub_portfolio":"callable_bonds","notional":100000,"currency":"EUR","maturity":"27.11.2031","tenor":6,"fixed_rate":0.01,"calendar":"TARGET","dcc":"Act/365","bdc":"preceding","float_dcc":"30/360","float_bdc":"modified","effective_date":"30.09.2016","interest_capitalization":"false","linear_amortization":"false","first_exercise_date":"30.07.2025","call_tenor":1},{"id":350089,"type":"callable_bond","sub_portfolio":"callable_bonds","notional":100000,"currency":"EUR","maturity":"30.11.2021","tenor":12,"fixed_rate":0.01,"calendar":"TARGET","dcc":"Act/Act","bdc":"following","float_dcc":"Act/360","float_bdc":"preceding","effective_date":"30.11.2016","interest_capitalization":"true","linear_amortization":"true","first_exercise_date":"30.11.2020","call_tenor":1},{"id":350090,"type":"callable_bond","sub_portfolio":"callable_bonds","notional":100000,"currency":"EUR","maturity":"30.11.2022","tenor":1,"fixed_rate":0.01,"calendar":"TARGET","dcc":"30/360","bdc":"unadjusted","float_dcc":"Act/365","float_bdc":"unadjusted","effective_date":"30.01.2016","interest_capitalization":"false","linear_amortization":"false","first_exercise_date":"30.01.2021","call_tenor":1},{"id":350091,"type":"callable_bond","sub_portfolio":"callable_bonds","notional":100000,"currency":"EUR","maturity":"30.11.2023","tenor":3,"fixed_rate":0.01,"calendar":"TARGET","dcc":"Act/360","bdc":"modified","float_dcc":"Act/Act","float_bdc":"preceding","effective_date":"30.03.2017","interest_capitalization":"true","linear_amortization":"true","first_exercise_date":"30.03.2021","call_tenor":1},{"id":350092,"type":"callable_bond","sub_portfolio":"callable_bonds","notional":100000,"currency":"EUR","maturity":"28.11.2024","tenor":6,"fixed_rate":0.01,"calendar":"TARGET","dcc":"Act/365","bdc":"preceding","float_dcc":"30/360","float_bdc":"following","effective_date":"30.05.2017","interest_capitalization":"false","linear_amortization":"false","first_exercise_date":"27.05.2021","call_tenor":1},{"id":350093,"type":"callable_bond","sub_portfolio":"callable_bonds","notional":100000,"currency":"EUR","maturity":"28.11.2025","tenor":12,"fixed_rate":0.01,"calendar":"TARGET","dcc":"Act/Act","bdc":"following","float_dcc":"Act/360","float_bdc":"unadjusted","effective_date":"30.07.2017","interest_capitalization":"true","linear_amortization":"true","first_exercise_date":"30.07.2021","call_tenor":1},{"id":350094,"type":"callable_bond","sub_portfolio":"callable_bonds","notional":100000,"currency":"EUR","maturity":"30.11.2026","tenor":1,"fixed_rate":0.01,"calendar":"TARGET","dcc":"30/360","bdc":"unadjusted","float_dcc":"Act/365","float_bdc":"modified","effective_date":"30.09.2017","interest_capitalization":"false","linear_amortization":"false","first_exercise_date":"30.09.2025","call_tenor":1},{"id":350095,"type":"callable_bond","sub_portfolio":"callable_bonds","notional":100000,"currency":"EUR","maturity":"30.11.2027","tenor":3,"fixed_rate":0.01,"calendar":"TARGET","dcc":"Act/360","bdc":"modified","float_dcc":"Act/Act","float_bdc":"preceding","effective_date":"30.11.2017","interest_capitalization":"true","linear_amortization":"true","first_exercise_date":"30.11.2025","call_tenor":1},{"id":350096,"type":"callable_bond","sub_portfolio":"callable_bonds","notional":100000,"currency":"EUR","maturity":"30.11.2028","tenor":6,"fixed_rate":0.01,"calendar":"TARGET","dcc":"Act/365","bdc":"preceding","float_dcc":"30/360","float_bdc":"following","effective_date":"30.01.2017","interest_capitalization":"false","linear_amortization":"false","first_exercise_date":"30.01.2025","call_tenor":1},{"id":350097,"type":"callable_bond","sub_portfolio":"callable_bonds","notional":100000,"currency":"EUR","maturity":"30.11.2029","tenor":12,"fixed_rate":0.01,"calendar":"TARGET","dcc":"Act/Act","bdc":"following","float_dcc":"Act/360","float_bdc":"unadjusted","effective_date":"30.03.2016","interest_capitalization":"true","linear_amortization":"true","first_exercise_date":"30.03.2025","call_tenor":1},{"id":350098,"type":"callable_bond","sub_portfolio":"callable_bonds","notional":100000,"currency":"EUR","maturity":"27.11.2030","tenor":1,"fixed_rate":0.01,"calendar":"TARGET","dcc":"30/360","bdc":"unadjusted","float_dcc":"Act/365","float_bdc":"modified","effective_date":"30.05.2016","interest_capitalization":"false","linear_amortization":"false","first_exercise_date":"30.05.2025","call_tenor":1},{"id":350099,"type":"callable_bond","sub_portfolio":"callable_bonds","notional":100000,"currency":"EUR","maturity":"27.11.2031","tenor":3,"fixed_rate":0.01,"calendar":"TARGET","dcc":"Act/360","bdc":"modified","float_dcc":"Act/365","float_bdc":"preceding","effective_date":"28.07.2016","interest_capitalization":"true","linear_amortization":"true","first_exercise_date":"30.07.2025","call_tenor":1},{"id":350100,"type":"callable_bond","sub_portfolio":"callable_bonds","notional":100000,"currency":"EUR","maturity":"30.11.2021","tenor":6,"fixed_rate":0.01,"calendar":"TARGET","dcc":"Act/365","bdc":"preceding","float_dcc":"Act/365","float_bdc":"unadjusted","effective_date":"30.09.2016","interest_capitalization":"false","linear_amortization":"false","first_exercise_date":"30.11.2020","call_tenor":1}]
