[{"id":300001,"type":"swaption","sub_portfolio":"swaptions","notional":10000,"currency":"EUR","maturity":"30.11.2028","tenor":3,"fixed_rate":0.01,"float_current_rate":0.01,"calendar":"TARGET","dcc":"Act/365","bdc":"modified","float_tenor":6,"float_dcc":"30/360","float_bdc":"preceding","effective_date":"30.11.2015","is_payer":"false","is_short":"false","first_exercise_date":"30.11.2020"},{"id":300002,"type":"swaption","sub_portfolio":"swaptions","notional":10000,"currency":"EUR","maturity":"30.11.2029","tenor":6,"fixed_rate":0.01,"float_current_rate":0.01,"calendar":"TARGET","dcc":"Act/Act","bdc":"unadjusted","float_tenor":3,"float_dcc":"Act/360","float_bdc":"following","effective_date":"30.01.2015","is_payer":"false","is_short":"false","first_exercise_date":"30.01.2025"},{"id":300003,"type":"swaption","sub_portfolio":"swaptions","notional":10000,"currency":"EUR","maturity":"30.11.2030","tenor":3,"fixed_rate":0.01,"float_current_rate":0.01,"calendar":"TARGET","dcc":"Act/365","bdc":"modified","float_tenor":6,"float_dcc":"30/360","float_bdc":"preceding","effective_date":"30.03.2015","is_payer":"false","is_short":"false","first_exercise_date":"30.03.2020"},{"id":300004,"type":"swaption","sub_portfolio":"swaptions","notional":10000,"currency":"EUR","maturity":"30.11.2031","tenor":6,"fixed_rate":0.01,"float_current_rate":0.01,"calendar":"TARGET","dcc":"Act/Act","bdc":"unadjusted","float_tenor":3,"float_dcc":"Act/360","float_bdc":"following","effective_date":"30.05.2015","is_payer":"false","is_short":"false","first_exercise_date":"30.05.2025"},{"id":300005,"type":"swaption","sub_portfolio":"swaptions","notional":10000,"currency":"EUR","maturity":"30.11.2032","tenor":3,"fixed_rate":0.01,"float_current_rate":0.01,"calendar":"TARGET","dcc":"Act/365","bdc":"modified","float_tenor":6,"float_dcc":"30/360","float_bdc":"preceding","effective_date":"30.07.2015","is_payer":"false","is_short":"false","first_exercise_date":"30.07.2020"},{"id":300006,"type":"swaption","sub_portfolio":"swaptions","notional":10000,"currency":"EUR","maturity":"30.11.2033","tenor":6,"fixed_rate":0.01,"float_current_rate":0.01,"calendar":"TARGET","dcc":"Act/Act","bdc":"unadjusted","float_tenor":3,"float_dcc":"Act/360","float_bdc":"following","effective_date":"30.09.2015","is_payer":"false","is_short":"false","first_exercise_date":"30.09.2025"},{"id":300007,"type":"swaption","sub_portfolio":"swaptions","notional":10000,"currency":"EUR","maturity":"30.11.2034","tenor":3,"fixed_rate":0.01,"float_current_rate":0.01,"calendar":"TARGET","dcc":"Act/365","bdc":"modified","float_tenor":6,"float_dcc":"30/360","float_bdc":"preceding","effective_date":"30.11.2016","is_payer":"false","is_short":"false","first_exercise_date":"30.11.2020"},{"id":300008,"type":"swaption","sub_portfolio":"swaptions","notional":10000,"currency":"EUR","maturity":"30.11.2035","tenor":6,"fixed_rate":0.01,"float_current_rate":0.01,"calendar":"TARGET","dcc":"Act/Act","bdc":"unadjusted","float_tenor":3,"float_dcc":"Act/360","float_bdc":"following","effective_date":"30.01.2016","is_payer":"false","is_short":"false","first_exercise_date":"30.01.2025"},{"id":300009,"type":"swaption","sub_portfolio":"swaptions","notional":10000,"currency":"EUR","maturity":"30.11.2036","tenor":3,"fixed_rate":0.01,"float_current_rate":0.01,"calendar":"TARGET","dcc":"Act/365","bdc":"modified","float_tenor":6,"float_dcc":"30/360","float_bdc":"preceding","effective_date":"30.03.2016","is_payer":"false","is_short":"false","first_exercise_date":"30.03.2020"},{"id":300010,"type":"swaption","sub_portfolio":"swaptions","notional":10000,"currency":"EUR","maturity":"30.11.2037","tenor":6,"fixed_rate":0.01,"float_current_rate":0.01,"calendar":"TARGET","dcc":"Act/Act","bdc":"unadjusted","float_tenor":3,"float_dcc":"Act/360","float_bdc":"following","effective_date":"30.05.2016","is_payer":"false","is_short":"false","first_exercise_date":"30.05.2025"},{"id":300011,"type":"swaption","sub_portfolio":"swaptions","notional":10000,"currency":"EUR","maturity":"30.11.2028","tenor":3,"fixed_rate":0.01,"float_current_rate":0.01,"calendar":"TARGET","dcc":"Act/365","bdc":"modified","float_tenor":6,"float_dcc":"30/360","float_bdc":"preceding","effective_date":"30.07.2016","is_payer":"false","is_short":"false","first_exercise_date":"30.07.2020"},{"id":300012,"type":"swaption","sub_portfolio":"swaptions","notional":10000,"currency":"EUR","maturity":"30.11.2029","tenor":6,"fixed_rate":0.01,"float_current_rate":0.01,"calendar":"TARGET","dcc":"Act/Act","bdc":"unadjusted","float_tenor":3,"float_dcc":"Act/360","float_bdc":"following","effective_date":"30.09.2016","is_payer":"false","is_short":"false","first_exercise_date":"30.09.2025"},{"id":300013,"type":"swaption","sub_portfolio":"swaptions","notional":10000,"currency":"EUR","maturity":"30.11.2030","tenor":3,"fixed_rate":0.01,"float_current_rate":0.01,"calendar":"TARGET","dcc":"Act/365","bdc":"modified","float_tenor":6,"float_dcc":"30/360","float_bdc":"preceding","effective_date":"30.11.2015","is_payer":"false","is_short":"false","first_exercise_date":"30.11.2020"},{"id":300014,"type":"swaption","sub_portfolio":"swaptions","notional":10000,"currency":"EUR","maturity":"30.11.2031","tenor":6,"fixed_rate":0.01,"float_current_rate":0.01,"calendar":"TARGET","dcc":"Act/Act","bdc":"unadjusted","float_tenor":3,"float_dcc":"Act/360","float_bdc":"following","effective_date":"30.01.2015","is_payer":"false","is_short":"false","first_exercise_date":"30.01.2025"},{"id":300015,"type":"swaption","sub_portfolio":"swaptions","notional":10000,"currency":"EUR","maturity":"30.11.2032","tenor":3,"fixed_rate":0.01,"float_current_rate":0.01,"calendar":"TARGET","dcc":"Act/365","bdc":"modified","float_tenor":6,"float_dcc":"30/360","float_bdc":"preceding","effective_date":"30.03.2015","is_payer":"false","is_short":"false","first_exercise_date":"30.03.2020"},{"id":300016,"type":"swaption","sub_portfolio":"swaptions","notional":10000,"currency":"EUR","maturity":"30.11.2033","tenor":6,"fixed_rate":0.01,"float_current_rate":0.01,"calendar":"TARGET","dcc":"Act/Act","bdc":"unadjusted","float_tenor":3,"float_dcc":"Act/360","float_bdc":"following","effective_date":"30.05.2015","is_payer":"false","is_short":"false","first_exercise_date":"30.05.2025"},{"id":300017,"type":"swaption","sub_portfolio":"swaptions","notional":10000,"currency":"EUR","maturity":"30.11.2034","tenor":3,"fixed_rate":0.01,"float_current_rate":0.01,"calendar":"TARGET","dcc":"Act/365","bdc":"modified","float_tenor":6,"float_dcc":"30/360","float_bdc":"preceding","effective_date":"30.07.2015","is_payer":"false","is_short":"false","first_exercise_date":"30.07.2020"},{"id":300018,"type":"swaption","sub_portfolio":"swaptions","notional":10000,"currency":"EUR","maturity":"30.11.2035","tenor":6,"fixed_rate":0.01,"float_current_rate":0.01,"calendar":"TARGET","dcc":"Act/Act","bdc":"unadjusted","float_tenor":3,"float_dcc":"Act/360","float_bdc":"following","effective_date":"30.09.2015","is_payer":"false","is_short":"false","first_exercise_date":"30.09.2025"},{"id":300019,"type":"swaption","sub_portfolio":"swaptions","notional":10000,"currency":"EUR","maturity":"30.11.2036","tenor":3,"fixed_rate":0.01,"float_current_rate":0.01,"calendar":"TARGET","dcc":"Act/365","bdc":"modified","float_tenor":6,"float_dcc":"30/360","float_bdc":"preceding","effective_date":"30.11.2016","is_payer":"false","is_short":"false","first_exercise_date":"30.11.2020"},{"id":300020,"type":"swaption","sub_portfolio":"swaptions","notional":10000,"currency":"EUR","maturity":"30.11.2037","tenor":6,"fixed_rate":0.01,"float_current_rate":0.01,"calendar":"TARGET","dcc":"Act/Act","bdc":"unadjusted","float_tenor":3,"float_dcc":"Act/360","float_bdc":"following","effective_date":"30.01.2016","is_payer":"false","is_short":"false","first_exercise_date":"30.01.2025"},{"id":300021,"type":"swaption","sub_portfolio":"swaptions","notional":10000,"currency":"EUR","maturity":"30.11.2028","tenor":3,"fixed_rate":0.01,"float_current_rate":0.01,"calendar":"TARGET","dcc":"Act/365","bdc":"modified","float_tenor":6,"float_dcc":"30/360","float_bdc":"preceding","effective_date":"30.03.2016","is_payer":"false","is_short":"false","first_exercise_date":"30.03.2020"},{"id":300022,"type":"swaption","sub_portfolio":"swaptions","notional":10000,"currency":"EUR","maturity":"30.11.2029","tenor":6,"fixed_rate":0.01,"float_current_rate":0.01,"calendar":"TARGET","dcc":"Act/Act","bdc":"unadjusted","float_tenor":3,"float_dcc":"Act/360","float_bdc":"following","effective_date":"30.05.2016","is_payer":"false","is_short":"false","first_exercise_date":"30.05.2025"},{"id":300023,"type":"swaption","sub_portfolio":"swaptions","notional":10000,"currency":"EUR","maturity":"30.11.2030","tenor":3,"fixed_rate":0.01,"float_current_rate":0.01,"calendar":"TARGET","dcc":"Act/365","bdc":"modified","float_tenor":6,"float_dcc":"30/360","float_bdc":"preceding","effective_date":"30.07.2016","is_payer":"false","is_short":"false","first_exercise_date":"30.07.2020"},{"id":300024,"type":"swaption","sub_portfolio":"swaptions","notional":10000,"currency":"EUR","maturity":"30.11.2031","tenor":6,"fixed_rate":0.01,"float_current_rate":0.01,"calendar":"TARGET","dcc":"Act/Act","bdc":"unadjusted","float_tenor":3,"float_dcc":"Act/360","float_bdc":"following","effective_date":"30.09.2016","is_payer":"false","is_short":"false","first_exercise_date":"30.09.2025"},{"id":300025,"type":"swaption","sub_portfolio":"swaptions","notional":10000,"currency":"EUR","maturity":"30.11.2032","tenor":3,"fixed_rate":0.01,"float_current_rate":0.01,"calendar":"TARGET","dcc":"Act/365","bdc":"modified","float_tenor":6,"float_dcc":"30/360","float_bdc":"preceding","effective_date":"30.11.2015","is_payer":"false","is_short":"false","first_exercise_date":"30.11.2020"},{"id":300026,"type":"swaption","sub_portfolio":"swaptions","notional":10000,"currency":"EUR","maturity":"30.11.2033","tenor":6,"fixed_rate":0.01,"float_current_rate":0.01,"calendar":"TARGET","dcc":"Act/Act","bdc":"unadjusted","float_tenor":3,"float_dcc":"Act/360","float_bdc":"following","effective_date":"30.01.2015","is_payer":"false","is_short":"false","first_exercise_date":"30.01.2025"},{"id":300027,"type":"swaption","sub_portfolio":"swaptions","notional":10000,"currency":"EUR","maturity":"30.11.2034","tenor":3,"fixed_rate":0.01,"float_current_rate":0.01,"calendar":"TARGET","dcc":"Act/365","bdc":"modified","float_tenor":6,"float_dcc":"30/360","float_bdc":"preceding","effective_date":"30.03.2015","is_payer":"false","is_short":"false","first_exercise_date":"30.03.2020"},{"id":300028,"type":"swaption","sub_portfolio":"swaptions","notional":10000,"currency":"EUR","maturity":"30.11.2035","tenor":6,"fixed_rate":0.01,"float_current_rate":0.01,"calendar":"TARGET","dcc":"Act/Act","bdc":"unadjusted","float_tenor":3,"float_dcc":"Act/360","float_bdc":"following","effective_date":"30.05.2015","is_payer":"false","is_short":"false","first_exercise_date":"30.05.2025"},{"id":300029,"type":"swaption","sub_portfolio":"swaptions","notional":10000,"currency":"EUR","maturity":"30.11.2036","tenor":3,"fixed_rate":0.01,"float_current_rate":0.01,"calendar":"TARGET","dcc":"Act/365","bdc":"modified","float_tenor":6,"float_dcc":"30/360","float_bdc":"preceding","effective_date":"30.07.2015","is_payer":"false","is_short":"false","first_exercise_date":"30.07.2020"},{"id":300030,"type":"swaption","sub_portfolio":"swaptions","notional":10000,"currency":"EUR","maturity":"30.11.2037","tenor":6,"fixed_rate":0.01,"float_current_rate":0.01,"calendar":"TARGET","dcc":"Act/Act","bdc":"unadjusted","float_tenor":3,"float_dcc":"Act/360","float_bdc":"following","effective_date":"30.09.2015","is_payer":"false","is_short":"false","first_exercise_date":"30.09.2025"},{"id":300031,"type":"swaption","sub_portfolio":"swaptions","notional":10000,"currency":"EUR","maturity":"30.11.2028","tenor":3,"fixed_rate":0.01,"float_current_rate":0.01,"calendar":"TARGET","dcc":"Act/365","bdc":"modified","float_tenor":6,"float_dcc":"30/360","float_bdc":"preceding","effective_date":"30.11.2015","is_payer":"false","is_short":"false","first_exercise_date":"30.11.2020"},{"id":300032,"type":"swaption","sub_portfolio":"swaptions","notional":10000,"currency":"EUR","maturity":"30.11.2029","tenor":6,"fixed_rate":0.01,"float_current_rate":0.01,"calendar":"TARGET","dcc":"Act/Act","bdc":"unadjusted","float_tenor":3,"float_dcc":"Act/360","float_bdc":"following","effective_date":"30.01.2015","is_payer":"false","is_short":"false","first_exercise_date":"30.01.2025"},{"id":300033,"type":"swaption","sub_portfolio":"swaptions","notional":10000,"currency":"EUR","maturity":"30.11.2030","tenor":3,"fixed_rate":0.01,"float_current_rate":0.01,"calendar":"TARGET","dcc":"Act/365","bdc":"modified","float_tenor":6,"float_dcc":"30/360","float_bdc":"preceding","effective_date":"30.03.2015","is_payer":"false","is_short":"false","first_exercise_date":"30.03.2020"},{"id":300034,"type":"swaption","sub_portfolio":"swaptions","notional":10000,"currency":"EUR","maturity":"30.11.2031","tenor":6,"fixed_rate":0.01,"float_current_rate":0.01,"calendar":"TARGET","dcc":"Act/Act","bdc":"unadjusted","float_tenor":3,"float_dcc":"Act/360","float_bdc":"following","effective_date":"30.05.2015","is_payer":"false","is_short":"false","first_exercise_date":"30.05.2025"},{"id":300035,"type":"swaption","sub_portfolio":"swaptions","notional":10000,"currency":"EUR","maturity":"30.11.2032","tenor":3,"fixed_rate":0.01,"float_current_rate":0.01,"calendar":"TARGET","dcc":"Act/365","bdc":"modified","float_tenor":6,"float_dcc":"30/360","float_bdc":"preceding","effective_date":"30.07.2015","is_payer":"false","is_short":"false","first_exercise_date":"30.07.2020"},{"id":300036,"type":"swaption","sub_portfolio":"swaptions","notional":10000,"currency":"EUR","maturity":"30.11.2033","tenor":6,"fixed_rate":0.01,"float_current_rate":0.01,"calendar":"TARGET","dcc":"Act/Act","bdc":"unadjusted","float_tenor":3,"float_dcc":"Act/360","float_bdc":"following","effective_date":"30.09.2015","is_payer":"false","is_short":"false","first_exercise_date":"30.09.2025"},{"id":300037,"type":"swaption","sub_portfolio":"swaptions","notional":10000,"currency":"EUR","maturity":"30.11.2034","tenor":3,"fixed_rate":0.01,"float_current_rate":0.01,"calendar":"TARGET","dcc":"Act/365","bdc":"modified","float_tenor":6,"float_dcc":"30/360","float_bdc":"preceding","effective_date":"30.11.2016","is_payer":"false","is_short":"false","first_exercise_date":"30.11.2020"},{"id":300038,"type":"swaption","sub_portfolio":"swaptions","notional":10000,"currency":"EUR","maturity":"30.11.2035","tenor":6,"fixed_rate":0.01,"float_current_rate":0.01,"calendar":"TARGET","dcc":"Act/Act","bdc":"unadjusted","float_tenor":3,"float_dcc":"Act/360","float_bdc":"following","effective_date":"30.01.2016","is_payer":"false","is_short":"false","first_exercise_date":"30.01.2025"},{"id":300039,"type":"swaption","sub_portfolio":"swaptions","notional":10000,"currency":"EUR","maturity":"30.11.2036","tenor":3,"fixed_rate":0.01,"float_current_rate":0.01,"calendar":"TARGET","dcc":"Act/365","bdc":"modified","float_tenor":6,"float_dcc":"30/360","float_bdc":"preceding","effective_date":"30.03.2016","is_payer":"false","is_short":"false","first_exercise_date":"30.03.2020"},{"id":300040,"type":"swaption","sub_portfolio":"swaptions","notional":10000,"currency":"EUR","maturity":"30.11.2037","tenor":6,"fixed_rate":0.01,"float_current_rate":0.01,"calendar":"TARGET","dcc":"Act/Act","bdc":"unadjusted","float_tenor":3,"float_dcc":"Act/360","float_bdc":"following","effective_date":"30.05.2016","is_payer":"false","is_short":"false","first_exercise_date":"30.05.2025"},{"id":300041,"type":"swaption","sub_portfolio":"swaptions","notional":10000,"currency":"EUR","maturity":"30.11.2028","tenor":3,"fixed_rate":0.01,"float_current_rate":0.01,"calendar":"TARGET","dcc":"Act/365","bdc":"modified","float_tenor":6,"float_dcc":"30/360","float_bdc":"preceding","effective_date":"30.07.2016","is_payer":"false","is_short":"false","first_exercise_date":"30.07.2020"},{"id":300042,"type":"swaption","sub_portfolio":"swaptions","notional":10000,"currency":"EUR","maturity":"30.11.2029","tenor":6,"fixed_rate":0.01,"float_current_rate":0.01,"calendar":"TARGET","dcc":"Act/Act","bdc":"unadjusted","float_tenor":3,"float_dcc":"Act/360","float_bdc":"following","effective_date":"30.09.2016","is_payer":"false","is_short":"false","first_exercise_date":"30.09.2025"},{"id":300043,"type":"swaption","sub_portfolio":"swaptions","notional":10000,"currency":"EUR","maturity":"30.11.2030","tenor":3,"fixed_rate":0.01,"float_current_rate":0.01,"calendar":"TARGET","dcc":"Act/365","bdc":"modified","float_tenor":6,"float_dcc":"30/360","float_bdc":"preceding","effective_date":"30.11.2015","is_payer":"false","is_short":"false","first_exercise_date":"30.11.2020"},{"id":300044,"type":"swaption","sub_portfolio":"swaptions","notional":10000,"currency":"EUR","maturity":"30.11.2031","tenor":6,"fixed_rate":0.01,"float_current_rate":0.01,"calendar":"TARGET","dcc":"Act/Act","bdc":"unadjusted","float_tenor":3,"float_dcc":"Act/360","float_bdc":"following","effective_date":"30.01.2015","is_payer":"false","is_short":"false","first_exercise_date":"30.01.2025"},{"id":300045,"type":"swaption","sub_portfolio":"swaptions","notional":10000,"currency":"EUR","maturity":"30.11.2032","tenor":3,"fixed_rate":0.01,"float_current_rate":0.01,"calendar":"TARGET","dcc":"Act/365","bdc":"modified","float_tenor":6,"float_dcc":"30/360","float_bdc":"preceding","effective_date":"30.03.2015","is_payer":"false","is_short":"false","first_exercise_date":"30.03.2020"},{"id":300046,"type":"swaption","sub_portfolio":"swaptions","notional":10000,"currency":"EUR","maturity":"30.11.2033","tenor":6,"fixed_rate":0.01,"float_current_rate":0.01,"calendar":"TARGET","dcc":"Act/Act","bdc":"unadjusted","float_tenor":3,"float_dcc":"Act/360","float_bdc":"following","effective_date":"30.05.2015","is_payer":"false","is_short":"false","first_exercise_date":"30.05.2025"},{"id":300047,"type":"swaption","sub_portfolio":"swaptions","notional":10000,"currency":"EUR","maturity":"30.11.2034","tenor":3,"fixed_rate":0.01,"float_current_rate":0.01,"calendar":"TARGET","dcc":"Act/365","bdc":"modified","float_tenor":6,"float_dcc":"30/360","float_bdc":"preceding","effective_date":"30.07.2015","is_payer":"false","is_short":"false","first_exercise_date":"30.07.2020"},{"id":300048,"type":"swaption","sub_portfolio":"swaptions","notional":10000,"currency":"EUR","maturity":"30.11.2035","tenor":6,"fixed_rate":0.01,"float_current_rate":0.01,"calendar":"TARGET","dcc":"Act/Act","bdc":"unadjusted","float_tenor":3,"float_dcc":"Act/360","float_bdc":"following","effective_date":"30.09.2015","is_payer":"false","is_short":"false","first_exercise_date":"30.09.2025"},{"id":300049,"type":"swaption","sub_portfolio":"swaptions","notional":10000,"currency":"EUR","maturity":"30.11.2036","tenor":3,"fixed_rate":0.01,"float_current_rate":0.01,"calendar":"TARGET","dcc":"Act/365","bdc":"modified","float_tenor":6,"float_dcc":"30/360","float_bdc":"preceding","effective_date":"30.11.2016","is_payer":"false","is_short":"false","first_exercise_date":"30.11.2020"},{"id":300050,"type":"swaption","sub_portfolio":"swaptions","notional":10000,"currency":"EUR","maturity":"30.11.2037","tenor":6,"fixed_rate":0.01,"float_current_rate":0.01,"calendar":"TARGET","dcc":"Act/Act","bdc":"unadjusted","float_tenor":3,"float_dcc":"Act/360","float_bdc":"following","effective_date":"30.01.2016","is_payer":"false","is_short":"false","first_exercise_date":"30.01.2025"},{"id":300051,"type":"swaption","sub_portfolio":"swaptions","notional":10000,"currency":"EUR","maturity":"30.11.2028","tenor":3,"fixed_rate":0.01,"float_current_rate":0.01,"calendar":"TARGET","dcc":"Act/Act","bdc":"modified","float_tenor":6,"float_dcc":"30/360","float_bdc":"preceding","effective_date":"30.03.2016","is_payer":"false","is_short":"false","first_exercise_date":"30.03.2020"},{"id":300052,"type":"swaption","sub_portfolio":"swaptions","notional":10000,"currency":"EUR","maturity":"30.11.2029","tenor":6,"fixed_rate":0.01,"float_current_rate":0.01,"calendar":"TARGET","dcc":"Act/365","bdc":"modified","float_tenor":3,"float_dcc":"Act/360","float_bdc":"following","effective_date":"30.05.2016","is_payer":"false","is_short":"false","first_exercise_date":"30.05.2025"},{"id":300053,"type":"swaption","sub_portfolio":"swaptions","notional":10000,"currency":"EUR","maturity":"30.11.2030","tenor":3,"fixed_rate":0.01,"float_current_rate":0.01,"calendar":"TARGET","dcc":"Act/Act","bdc":"unadjusted","float_tenor":3,"float_dcc":"30/360","float_bdc":"preceding","effective_date":"30.07.2016","is_payer":"false","is_short":"false","first_exercise_date":"30.07.2020"},{"id":300054,"type":"swaption","sub_portfolio":"swaptions","notional":10000,"currency":"EUR","maturity":"30.11.2031","tenor":6,"fixed_rate":0.01,"float_current_rate":0.01,"calendar":"TARGET","dcc":"Act/365","bdc":"modified","float_tenor":6,"float_dcc":"30/360","float_bdc":"following","effective_date":"30.09.2016","is_payer":"false","is_short":"false","first_exercise_date":"30.09.2025"},{"id":300055,"type":"swaption","sub_portfolio":"swaptions","notional":10000,"currency":"EUR","maturity":"30.11.2032","tenor":3,"fixed_rate":0.01,"float_current_rate":0.01,"calendar":"TARGET","dcc":"Act/Act","bdc":"unadjusted","float_tenor":3,"float_dcc":"Act/360","float_bdc":"preceding","effective_date":"30.11.2015","is_payer":"false","is_short":"false","first_exercise_date":"30.11.2020"},{"id":300056,"type":"swaption","sub_portfolio":"swaptions","notional":10000,"currency":"EUR","maturity":"30.11.2033","tenor":6,"fixed_rate":0.01,"float_current_rate":0.01,"calendar":"TARGET","dcc":"Act/365","bdc":"modified","float_tenor":6,"float_dcc":"30/360","float_bdc":"following","effective_date":"30.01.2015","is_payer":"false","is_short":"false","first_exercise_date":"30.01.2025"},{"id":300057,"type":"swaption","sub_portfolio":"swaptions","notional":10000,"currency":"EUR","maturity":"30.11.2034","tenor":3,"fixed_rate":0.01,"float_current_rate":0.01,"calendar":"TARGET","dcc":"Act/Act","bdc":"unadjusted","float_tenor":3,"float_dcc":"Act/360","float_bdc":"following","effective_date":"30.03.2015","is_payer":"false","is_short":"false","first_exercise_date":"30.03.2020"},{"id":300058,"type":"swaption","sub_portfolio":"swaptions","notional":10000,"currency":"EUR","maturity":"30.11.2035","tenor":6,"fixed_rate":0.01,"float_current_rate":0.01,"calendar":"TARGET","dcc":"Act/365","bdc":"modified","float_tenor":6,"float_dcc":"30/360","float_bdc":"preceding","effective_date":"30.05.2015","is_payer":"false","is_short":"false","first_exercise_date":"30.05.2025"},{"id":300059,"type":"swaption","sub_portfolio":"swaptions","notional":10000,"currency":"EUR","maturity":"30.11.2036","tenor":3,"fixed_rate":0.01,"float_current_rate":0.01,"calendar":"TARGET","dcc":"Act/Act","bdc":"unadjusted","float_tenor":3,"float_dcc":"Act/360","float_bdc":"following","effective_date":"30.07.2015","is_payer":"false","is_short":"false","first_exercise_date":"30.07.2020"},{"id":300060,"type":"swaption","sub_portfolio":"swaptions","notional":10000,"currency":"EUR","maturity":"30.11.2037","tenor":6,"fixed_rate":0.01,"float_current_rate":0.01,"calendar":"TARGET","dcc":"Act/365","bdc":"modified","float_tenor":6,"float_dcc":"30/360","float_bdc":"preceding","effective_date":"30.09.2015","is_payer":"false","is_short":"false","first_exercise_date":"30.09.2025"},{"id":300061,"type":"swaption","sub_portfolio":"swaptions","notional":10000,"currency":"EUR","maturity":"30.11.2028","tenor":3,"fixed_rate":0.01,"float_current_rate":0.01,"calendar":"TARGET","dcc":"Act/Act","bdc":"unadjusted","float_tenor":3,"float_dcc":"Act/360","float_bdc":"following","effective_date":"30.11.2015","is_payer":"false","is_short":"false","first_exercise_date":"30.11.2020"},{"id":300062,"type":"swaption","sub_portfolio":"swaptions","notional":10000,"currency":"EUR","maturity":"30.11.2029","tenor":6,"fixed_rate":0.01,"float_current_rate":0.01,"calendar":"TARGET","dcc":"Act/365","bdc":"modified","float_tenor":6,"float_dcc":"30/360","float_bdc":"preceding","effective_date":"30.01.2015","is_payer":"false","is_short":"false","first_exercise_date":"30.01.2025"},{"id":300063,"type":"swaption","sub_portfolio":"swaptions","notional":10000,"currency":"EUR","maturity":"30.11.2030","tenor":3,"fixed_rate":0.01,"float_current_rate":0.01,"calendar":"TARGET","dcc":"Act/Act","bdc":"unadjusted","float_tenor":3,"float_dcc":"Act/360","float_bdc":"following","effective_date":"30.03.2015","is_payer":"false","is_short":"false","first_exercise_date":"30.03.2020"},{"id":300064,"type":"swaption","sub_portfolio":"swaptions","notional":10000,"currency":"EUR","maturity":"30.11.2031","tenor":6,"fixed_rate":0.01,"float_current_rate":0.01,"calendar":"TARGET","dcc":"Act/365","bdc":"modified","float_tenor":6,"float_dcc":"30/360","float_bdc":"preceding","effective_date":"30.05.2015","is_payer":"false","is_short":"false","first_exercise_date":"30.05.2025"},{"id":300065,"type":"swaption","sub_portfolio":"swaptions","notional":10000,"currency":"EUR","maturity":"30.11.2032","tenor":3,"fixed_rate":0.01,"float_current_rate":0.01,"calendar":"TARGET","dcc":"Act/Act","bdc":"unadjusted","float_tenor":3,"float_dcc":"Act/360","float_bdc":"following","effective_date":"30.07.2015","is_payer":"false","is_short":"false","first_exercise_date":"30.07.2020"},{"id":300066,"type":"swaption","sub_portfolio":"swaptions","notional":10000,"currency":"EUR","maturity":"30.11.2033","tenor":6,"fixed_rate":0.01,"float_current_rate":0.01,"calendar":"TARGET","dcc":"Act/365","bdc":"modified","float_tenor":6,"float_dcc":"30/360","float_bdc":"preceding","effective_date":"30.09.2015","is_payer":"false","is_short":"false","first_exercise_date":"30.09.2025"},{"id":300067,"type":"swaption","sub_portfolio":"swaptions","notional":10000,"currency":"EUR","maturity":"30.11.2034","tenor":3,"fixed_rate":0.01,"float_current_rate":0.01,"calendar":"TARGET","dcc":"Act/Act","bdc":"unadjusted","float_tenor":3,"float_dcc":"Act/360","float_bdc":"following","effective_date":"30.11.2016","is_payer":"false","is_short":"false","first_exercise_date":"30.11.2020"},{"id":300068,"type":"swaption","sub_portfolio":"swaptions","notional":10000,"currency":"EUR","maturity":"30.11.2035","tenor":6,"fixed_rate":0.01,"float_current_rate":0.01,"calendar":"TARGET","dcc":"Act/365","bdc":"modified","float_tenor":6,"float_dcc":"30/360","float_bdc":"preceding","effective_date":"30.01.2016","is_payer":"false","is_short":"false","first_exercise_date":"30.01.2025"},{"id":300069,"type":"swaption","sub_portfolio":"swaptions","notional":10000,"currency":"EUR","maturity":"30.11.2036","tenor":3,"fixed_rate":0.01,"float_current_rate":0.01,"calendar":"TARGET","dcc":"Act/Act","bdc":"unadjusted","float_tenor":3,"float_dcc":"Act/360","float_bdc":"following","effective_date":"30.03.2016","is_payer":"false","is_short":"false","first_exercise_date":"30.03.2020"},{"id":300070,"type":"swaption","sub_portfolio":"swaptions","notional":10000,"currency":"EUR","maturity":"30.11.2037","tenor":6,"fixed_rate":0.01,"float_current_rate":0.01,"calendar":"TARGET","dcc":"Act/365","bdc":"modified","float_tenor":6,"float_dcc":"30/360","float_bdc":"preceding","effective_date":"30.05.2016","is_payer":"false","is_short":"false","first_exercise_date":"30.05.2025"},{"id":300071,"type":"swaption","sub_portfolio":"swaptions","notional":10000,"currency":"EUR","maturity":"30.11.2028","tenor":3,"fixed_rate":0.01,"float_current_rate":0.01,"calendar":"TARGET","dcc":"Act/Act","bdc":"unadjusted","float_tenor":3,"float_dcc":"Act/360","float_bdc":"following","effective_date":"30.07.2016","is_payer":"false","is_short":"false","first_exercise_date":"30.07.2020"},{"id":300072,"type":"swaption","sub_portfolio":"swaptions","notional":10000,"currency":"EUR","maturity":"30.11.2029","tenor":6,"fixed_rate":0.01,"float_current_rate":0.01,"calendar":"TARGET","dcc":"Act/365","bdc":"modified","float_tenor":6,"float_dcc":"30/360","float_bdc":"preceding","effective_date":"30.09.2016","is_payer":"false","is_short":"false","first_exercise_date":"30.09.2025"},{"id":300073,"type":"swaption","sub_portfolio":"swaptions","notional":10000,"currency":"EUR","maturity":"30.11.2030","tenor":3,"fixed_rate":0.01,"float_current_rate":0.01,"calendar":"TARGET","dcc":"Act/Act","bdc":"unadjusted","float_tenor":3,"float_dcc":"Act/360","float_bdc":"following","effective_date":"30.11.2015","is_payer":"false","is_short":"false","first_exercise_date":"30.11.2020"},{"id":300074,"type":"swaption","sub_portfolio":"swaptions","notional":10000,"currency":"EUR","maturity":"30.11.2031","tenor":6,"fixed_rate":0.01,"float_current_rate":0.01,"calendar":"TARGET","dcc":"Act/365","bdc":"modified","float_tenor":6,"float_dcc":"30/360","float_bdc":"preceding","effective_date":"30.01.2015","is_payer":"false","is_short":"false","first_exercise_date":"30.01.2025"},{"id":300075,"type":"swaption","sub_portfolio":"swaptions","notional":10000,"currency":"EUR","maturity":"30.11.2032","tenor":3,"fixed_rate":0.01,"float_current_rate":0.01,"calendar":"TARGET","dcc":"Act/Act","bdc":"unadjusted","float_tenor":3,"float_dcc":"Act/360","float_bdc":"following","effective_date":"30.03.2015","is_payer":"false","is_short":"false","first_exercise_date":"30.03.2020"},{"id":300076,"type":"swaption","sub_portfolio":"swaptions","notional":10000,"currency":"EUR","maturity":"30.11.2033","tenor":6,"fixed_rate":0.01,"float_current_rate":0.01,"calendar":"TARGET","dcc":"Act/365","bdc":"modified","float_tenor":6,"float_dcc":"30/360","float_bdc":"preceding","effective_date":"30.05.2015","is_payer":"false","is_short":"false","first_exercise_date":"30.05.2025"},{"id":300077,"type":"swaption","sub_portfolio":"swaptions","notional":10000,"currency":"EUR","maturity":"30.11.2034","tenor":3,"fixed_rate":0.01,"float_current_rate":0.01,"calendar":"TARGET","dcc":"Act/Act","bdc":"unadjusted","float_tenor":3,"float_dcc":"Act/360","float_bdc":"following","effective_date":"30.07.2015","is_payer":"false","is_short":"false","first_exercise_date":"30.07.2020"},{"id":300078,"type":"swaption","sub_portfolio":"swaptions","notional":10000,"currency":"EUR","maturity":"30.11.2035","tenor":6,"fixed_rate":0.01,"float_current_rate":0.01,"calendar":"TARGET","dcc":"Act/365","bdc":"modified","float_tenor":6,"float_dcc":"30/360","float_bdc":"preceding","effective_date":"30.09.2015","is_payer":"false","is_short":"false","first_exercise_date":"30.09.2025"},{"id":300079,"type":"swaption","sub_portfolio":"swaptions","notional":10000,"currency":"EUR","maturity":"30.11.2036","tenor":3,"fixed_rate":0.01,"float_current_rate":0.01,"calendar":"TARGET","dcc":"Act/Act","bdc":"unadjusted","float_tenor":3,"float_dcc":"Act/360","float_bdc":"following","effective_date":"30.11.2016","is_payer":"false","is_short":"false","first_exercise_date":"30.11.2020"},{"id":300080,"type":"swaption","sub_portfolio":"swaptions","notional":10000,"currency":"EUR","maturity":"30.11.2037","tenor":6,"fixed_rate":0.01,"float_current_rate":0.01,"calendar":"TARGET","dcc":"Act/365","bdc":"modified","float_tenor":6,"float_dcc":"30/360","float_bdc":"preceding","effective_date":"30.01.2016","is_payer":"false","is_short":"false","first_exercise_date":"30.01.2025"},{"id":300081,"type":"swaption","sub_portfolio":"swaptions","notional":10000,"currency":"EUR","maturity":"30.11.2028","tenor":3,"fixed_rate":0.01,"float_current_rate":0.01,"calendar":"TARGET","dcc":"Act/Act","bdc":"unadjusted","float_tenor":3,"float_dcc":"Act/360","float_bdc":"following","effective_date":"30.03.2016","is_payer":"false","is_short":"false","first_exercise_date":"30.03.2020"},{"id":300082,"type":"swaption","sub_portfolio":"swaptions","notional":10000,"currency":"EUR","maturity":"30.11.2029","tenor":6,"fixed_rate":0.01,"float_current_rate":0.01,"calendar":"TARGET","dcc":"Act/365","bdc":"modified","float_tenor":6,"float_dcc":"30/360","float_bdc":"preceding","effective_date":"30.05.2016","is_payer":"false","is_short":"false","first_exercise_date":"30.05.2025"},{"id":300083,"type":"swaption","sub_portfolio":"swaptions","notional":10000,"currency":"EUR","maturity":"30.11.2030","tenor":3,"fixed_rate":0.01,"float_current_rate":0.01,"calendar":"TARGET","dcc":"Act/Act","bdc":"unadjusted","float_tenor":3,"float_dcc":"Act/360","float_bdc":"following","effective_date":"30.07.2016","is_payer":"false","is_short":"false","first_exercise_date":"30.07.2020"},{"id":300084,"type":"swaption","sub_portfolio":"swaptions","notional":10000,"currency":"EUR","maturity":"30.11.2031","tenor":6,"fixed_rate":0.01,"float_current_rate":0.01,"calendar":"TARGET","dcc":"Act/365","bdc":"modified","float_tenor":6,"float_dcc":"30/360","float_bdc":"preceding","effective_date":"30.09.2016","is_payer":"false","is_short":"false","first_exercise_date":"30.09.2025"},{"id":300085,"type":"swaption","sub_portfolio":"swaptions","notional":10000,"currency":"EUR","maturity":"30.11.2032","tenor":3,"fixed_rate":0.01,"float_current_rate":0.01,"calendar":"TARGET","dcc":"Act/Act","bdc":"unadjusted","float_tenor":3,"float_dcc":"Act/360","float_bdc":"following","effective_date":"30.11.2015","is_payer":"false","is_short":"false","first_exercise_date":"30.11.2020"},{"id":300086,"type":"swaption","sub_portfolio":"swaptions","notional":10000,"currency":"EUR","maturity":"30.11.2033","tenor":6,"fixed_rate":0.01,"float_current_rate":0.01,"calendar":"TARGET","dcc":"Act/365","bdc":"modified","float_tenor":6,"float_dcc":"30/360","float_bdc":"preceding","effective_date":"30.01.2015","is_payer":"false","is_short":"false","first_exercise_date":"30.01.2025"},{"id":300087,"type":"swaption","sub_portfolio":"swaptions","notional":10000,"currency":"EUR","maturity":"30.11.2034","tenor":3,"fixed_rate":0.01,"float_current_rate":0.01,"calendar":"TARGET","dcc":"Act/Act","bdc":"unadjusted","float_tenor":3,"float_dcc":"Act/360","float_bdc":"following","effective_date":"30.03.2015","is_payer":"false","is_short":"false","first_exercise_date":"30.03.2020"},{"id":300088,"type":"swaption","sub_portfolio":"swaptions","notional":10000,"currency":"EUR","maturity":"30.11.2035","tenor":6,"fixed_rate":0.01,"float_current_rate":0.01,"calendar":"TARGET","dcc":"Act/365","bdc":"modified","float_tenor":6,"float_dcc":"30/360","float_bdc":"preceding","effective_date":"30.05.2015","is_payer":"false","is_short":"false","first_exercise_date":"30.05.2025"},{"id":300089,"type":"swaption","sub_portfolio":"swaptions","notional":10000,"currency":"EUR","maturity":"30.11.2036","tenor":3,"fixed_rate":0.01,"float_current_rate":0.01,"calendar":"TARGET","dcc":"Act/Act","bdc":"unadjusted","float_tenor":3,"float_dcc":"Act/360","float_bdc":"following","effective_date":"30.07.2015","is_payer":"false","is_short":"false","first_exercise_date":"30.07.2020"},{"id":300090,"type":"swaption","sub_portfolio":"swaptions","notional":10000,"currency":"EUR","maturity":"30.11.2037","tenor":6,"fixed_rate":0.01,"float_current_rate":0.01,"calendar":"TARGET","dcc":"Act/365","bdc":"modified","float_tenor":6,"float_dcc":"30/360","float_bdc":"preceding","effective_date":"30.09.2015","is_payer":"false","is_short":"false","first_exercise_date":"30.09.2025"},{"id":300091,"type":"swaption","sub_portfolio":"swaptions","notional":10000,"currency":"EUR","maturity":"30.11.2028","tenor":3,"fixed_rate":0.01,"float_current_rate":0.01,"calendar":"TARGET","dcc":"Act/Act","bdc":"unadjusted","float_tenor":3,"float_dcc":"Act/360","float_bdc":"following","effective_date":"30.11.2015","is_payer":"false","is_short":"false","first_exercise_date":"30.11.2020"},{"id":300092,"type":"swaption","sub_portfolio":"swaptions","notional":10000,"currency":"EUR","maturity":"30.11.2029","tenor":6,"fixed_rate":0.01,"float_current_rate":0.01,"calendar":"TARGET","dcc":"Act/365","bdc":"modified","float_tenor":6,"float_dcc":"30/360","float_bdc":"preceding","effective_date":"30.01.2015","is_payer":"false","is_short":"false","first_exercise_date":"30.01.2025"},{"id":300093,"type":"swaption","sub_portfolio":"swaptions","notional":10000,"currency":"EUR","maturity":"30.11.2030","tenor":3,"fixed_rate":0.01,"float_current_rate":0.01,"calendar":"TARGET","dcc":"Act/Act","bdc":"unadjusted","float_tenor":3,"float_dcc":"Act/360","float_bdc":"following","effective_date":"30.03.2015","is_payer":"false","is_short":"false","first_exercise_date":"30.03.2020"},{"id":300094,"type":"swaption","sub_portfolio":"swaptions","notional":10000,"currency":"EUR","maturity":"30.11.2031","tenor":6,"fixed_rate":0.01,"float_current_rate":0.01,"calendar":"TARGET","dcc":"Act/365","bdc":"modified","float_tenor":6,"float_dcc":"30/360","float_bdc":"preceding","effective_date":"30.05.2015","is_payer":"false","is_short":"false","first_exercise_date":"30.05.2025"},{"id":300095,"type":"swaption","sub_portfolio":"swaptions","notional":10000,"currency":"EUR","maturity":"30.11.2032","tenor":3,"fixed_rate":0.01,"float_current_rate":0.01,"calendar":"TARGET","dcc":"Act/Act","bdc":"unadjusted","float_tenor":3,"float_dcc":"Act/360","float_bdc":"following","effective_date":"30.07.2015","is_payer":"false","is_short":"false","first_exercise_date":"30.07.2020"},{"id":300096,"type":"swaption","sub_portfolio":"swaptions","notional":10000,"currency":"EUR","maturity":"30.11.2033","tenor":6,"fixed_rate":0.01,"float_current_rate":0.01,"calendar":"TARGET","dcc":"Act/365","bdc":"modified","float_tenor":6,"float_dcc":"30/360","float_bdc":"preceding","effective_date":"30.09.2015","is_payer":"false","is_short":"false","first_exercise_date":"30.09.2025"},{"id":300097,"type":"swaption","sub_portfolio":"swaptions","notional":10000,"currency":"EUR","maturity":"30.11.2034","tenor":3,"fixed_rate":0.01,"float_current_rate":0.01,"calendar":"TARGET","dcc":"Act/Act","bdc":"unadjusted","float_tenor":3,"float_dcc":"Act/360","float_bdc":"following","effective_date":"30.11.2016","is_payer":"false","is_short":"false","first_exercise_date":"30.11.2020"},{"id":300098,"type":"swaption","sub_portfolio":"swaptions","notional":10000,"currency":"EUR","maturity":"30.11.2035","tenor":6,"fixed_rate":0.01,"float_current_rate":0.01,"calendar":"TARGET","dcc":"Act/365","bdc":"modified","float_tenor":6,"float_dcc":"30/360","float_bdc":"preceding","effective_date":"30.01.2016","is_payer":"false","is_short":"false","first_exercise_date":"30.01.2025"},{"id":300099,"type":"swaption","sub_portfolio":"swaptions","notional":10000,"currency":"EUR","maturity":"30.11.2036","tenor":3,"fixed_rate":0.01,"float_current_rate":0.01,"calendar":"TARGET","dcc":"Act/Act","bdc":"unadjusted","float_tenor":3,"float_dcc":"Act/360","float_bdc":"following","effective_date":"30.03.2016","is_payer":"false","is_short":"false","first_exercise_date":"30.03.2020"},{"id":300100,"type":"swaption","sub_portfolio":"swaptions","notional":10000,"currency":"EUR","maturity":"30.11.2037","tenor":6,"fixed_rate":0.01,"float_current_rate":0.01,"calendar":"TARGET","dcc":"Act/365","bdc":"modified","float_tenor":6,"float_dcc":"30/360","float_bdc":"preceding","effective_date":"30.05.2016","is_payer":"false","is_short":"false","first_exercise_date":"30.05.2025"}]
